date, pm25, pm10, o3, no2, so2, co
01-06-2021,106,83,14,30,4,8
02-06-2021,163, , , , , 
01-05-2021,156,102,15,31,5,7
02-05-2021,146,155,12,29,4,7
03-05-2021,173,94,11,29,5,7
04-05-2021,168,101,17,30,5,7
05-05-2021,159,76,15,28,3,7
06-05-2021,139,129,20,29,4,7
07-05-2021,133,95,21,31,3,8
08-05-2021,157,98,19,34,5,6
09-05-2021,142,76,19,34,5,8
10-05-2021,140,69,19,32,4,6
11-05-2021,149,67,15,32,4,7
12-05-2021,140,49,14,33,4,7
13-05-2021,106,106,17,33,4,7
14-05-2021,134,97,15,33,5,7
15-05-2021,150,79,18,34,4,8
16-05-2021,152,88,16,41,5,8
17-05-2021,157,52,6,33,4,7
18-05-2021,87,41,5,28,4,7
19-05-2021,81,42,13,24,4,7
20-05-2021,93,49,11,27,5,7
21-05-2021,84,47,15,28,4,6
22-05-2021,79,402,15,28,4,7
23-05-2021,388,85,16,29,4,7
24-05-2021,149,70,16,31,4,7
25-05-2021,120,71,18,32,4,7
26-05-2021,131,71,16,33,4,8
27-05-2021,137,66,13,32,4,7
28-05-2021,120,61,11,29,4,6
29-05-2021,84,72,12,29,3,7
30-05-2021,100,67,14,30,5,7
31-05-2021,131,72,12,30,4,7
01-04-2021,100,92,12,29,9,11
02-04-2021,118,77,25,34,8,9
03-04-2021,113,90, ,38,8,5
04-04-2021,126,108,8,44,9,7
05-04-2021,150,152,29,46,8,6
06-04-2021,181,121,18,35,7,4
07-04-2021,157,79,16,34,6,5
08-04-2021,121,82,14,34,7,5
09-04-2021,120,84,19,36,7,8
10-04-2021,117,96,17,36,8,6
11-04-2021,141,122,17,38,7,8
12-04-2021,164,118,19,30,7,7
13-04-2021,151,103,15,32,8,7
14-04-2021,146,154,21,29,8,8
15-04-2021,148,149,5,31,6,6
16-04-2021,143,62,14,28,4,7
17-04-2021,115,87,19,30,5,7
18-04-2021,144,108,18,32,5,8
19-04-2021,157,108,16,33,7,6
20-04-2021,154,72,16,30,4,7
21-04-2021,120,71,20,31,5,6
22-04-2021,117,78,13,30,7,7
23-04-2021,130,62,18,29,5,7
24-04-2021,108,104,19,31,6,8
25-04-2021,141,170,24,32,7,9
26-04-2021,189,145,20,35,7,11
27-04-2021,219,138,18,32,7,9
28-04-2021,271,209,21,31,6,7
29-04-2021,244,169,16,33,6,8
30-04-2021,184,127,22,32,6,7
01-03-2021,150,92,16,28,7,10
02-03-2021,145,116,19,31,10,10
03-03-2021,173,127,15,57,8,12
04-03-2021,171,109,16,35,9,10
05-03-2021,163,139,20,32,7,10
06-03-2021,190,136,13,51,8,12
07-03-2021,188,121,15,37,8,11
08-03-2021,173,138,12,38,7,11
09-03-2021,175,80,15,34,8,11
10-03-2021,128,114,11,46,8,12
11-03-2021,165,94,9,39,5,9
12-03-2021,132,122,21,39,7,11
13-03-2021,173,95,21,31,7,10
14-03-2021,156,122,19,31,7,10
15-03-2021,166,167,14,29,8,11
16-03-2021,174,177,17,32,8,11
17-03-2021,175,188,23,40,7,12
18-03-2021,178,141,21,37,6,11
19-03-2021,166,126,10,34,8,12
20-03-2021,170,127,15,44,9,12
21-03-2021,163,117,12,37,8,11
22-03-2021,148,140,9,34,8,9
23-03-2021,151,106,18,31,7,10
24-03-2021,138,75,14,25,5,10
25-03-2021,118,85,18,29,8,11
26-03-2021,141,99,9,41,6,12
27-03-2021,149,102, ,40,7,10
28-03-2021,153, , , , , 
30-03-2021,173,93,13,24,6,9
31-03-2021,70,100,11,23,8,9
01-02-2021,274,175,20,35,10,17
02-02-2021,255,140,10,31,8,13
03-02-2021,223,131,8,28,8,13
04-02-2021,215,82,8,27,8,11
05-02-2021,142,92,11,25,5,10
06-02-2021,160,110,15,25,5,11
07-02-2021,186,164,21,25,6,10
08-02-2021,254,109,7,35,4,19
09-02-2021,153,147,18,33,7,13
10-02-2021,217,139,18,32,6,12
11-02-2021,210,178,17,32,6,13
12-02-2021,262,135,20,34,5,13
13-02-2021,217,169,1,34,5,19
14-02-2021,246,122,15,38,7,11
15-02-2021,191,154,18,40,6,12
16-02-2021,228,140,19,36,6,13
17-02-2021,209,127,16,36,7,11
18-02-2021,194,141,16,33,5,13
19-02-2021,213,112,16,31,5,12
20-02-2021,180,138,19,32,6,11
21-02-2021,214,127,16,32,6,12
22-02-2021,189,107,16,35,5,11
23-02-2021,161,178,18,44,9,16
24-02-2021,212,143,16,39,7,12
25-02-2021,198,120,14,34,6,11
26-02-2021,172,104,11,32,8,10
27-02-2021,158,111,12,35,6,10
28-02-2021,162,94,18,29,7,10
04-01-2021,145,61,2,24,9,13
05-01-2021,138,107,4,23,9,14
06-01-2021,195,97,2,20,7,12
07-01-2021,185,127,1,24,8,14
08-01-2021,210,123,3,27,8,13
09-01-2021,203,97,5,22,8,12
10-01-2021,178,102,7,24,7,12
11-01-2021,181,122,7,23,8,13
12-01-2021,212,175,10,26,8,13
13-01-2021,286,312,6,35,10,24
14-01-2021,423,395,12,33,9,23
15-01-2021,458,209,9,32,9,16
16-01-2021,316,156,5,27,8,14
17-01-2021,279,161,5,27,9,18
18-01-2021,262,236,7,25,8,15
19-01-2021,329,124,9,24,7,13
20-01-2021,204,117,15,25,8,14
21-01-2021,204,179,5,27,9,18
22-01-2021,296,136,7,24,9,13
23-01-2021,227,173,5,20,8,15
24-01-2021,270,136,11,20,7,17
25-01-2021,214,144,17,20,8,14
26-01-2021,224,159,16,24,8,15
27-01-2021,236,199,14,28,8,16
28-01-2021,285,213,12,22,8,15
29-01-2021,283,133,12,25,9,15
30-01-2021,215,137,17,25,9,15
31-01-2021,215,169,15,31,9,16
01-10-2020,145,94,6,20,4,6
02-10-2020,189,88,3,21,7,5
03-10-2020,170,93,3,23,4,5
04-10-2020,154,99,12,18,2,6
05-10-2020,124,97,10,23,5,9
06-10-2020,145,102,19,26,4,6
07-10-2020,158,103,26,25,4,7
08-10-2020,157,106,32,23,4,7
09-10-2020,159,106,28,21,3,9
10-10-2020,163,105,26,21,4,8
11-10-2020,167,128,45,28,5,9
12-10-2020,184,125,2,31,5,10
13-10-2020,186,117, ,26,4,15
14-10-2020,186,132,19,28,4,17
15-10-2020,200,124,15,35,6,10
16-10-2020,184,141,23,38,5,10
17-10-2020,190,116,18,30,4,8
18-10-2020,164,129,22,29,3,5
19-10-2020,178,117,19,36,4,9
20-10-2020,167,107,15,41,4,10
21-10-2020,156,157,14,51,6,11
22-10-2020,213,201,22,48,5,7
23-10-2020,264,180,23,48,6,11
24-10-2020,243,151,21,52,5,11
25-10-2020,223,174,17,48,5,9
26-10-2020,227,149,16,37,4,11
27-10-2020,214,170,15,48,6,14
28-10-2020,222,215,14,57,8,20
29-10-2020,276,196,5,39,9,18
30-10-2020,265,274,7,28,7,17
31-10-2020,314,259,11,28,7,17
01-11-2020,314,150,12,31,6,19
02-11-2020,211,119,11,34,7,13
03-11-2020,179,331,11,45,7,10
04-11-2020,348,231,15,45,7,19
05-11-2020,380,225,18,42,7,22
06-11-2020,289,319,17,43,5,19
07-11-2020,358,288,15,44,6,20
08-11-2020,351,596,25,48,6,22
09-11-2020,542,519,12,47,8,24
10-11-2020,484,166,10,41,12,26
11-11-2020,238,173,17,35,10,24
12-11-2020,244,169,27,30,9,19
13-11-2020,242,345,11,31,9,20
14-11-2020,423,320,11,21,7,16
15-11-2020,381,76,9,20,7,13
16-11-2020,165,78,14,23,7,12
17-11-2020,161,92,21,26,7,13
18-11-2020,175,108,18,32,7,14
19-11-2020,187,118,17,31,8,14
20-11-2020,202,104,15,28,8,14
21-11-2020,175,116,14,31,8,12
22-11-2020,194,150,10,48,8,22
23-11-2020,226,263,13,57,9,23
24-11-2020,321,211,5,46,9,17
25-11-2020,319,113,10,27,10,13
26-11-2020,171,83,12,26,9,12
27-11-2020,155,102,14,30,6,15
28-11-2020,175,111,17,35,8,11
29-11-2020,183,144,18,39,9,26
30-11-2020,222,198,20,44,11,19
01-12-2020,280,169,20,40,10,16
02-12-2020,257,137,20,35,9,14
03-12-2020,214,217,14,50,12,23
04-12-2020,290,180,13,38,9,16
05-12-2020,285,177,17,36,9,16
06-12-2020,277,220,17,33,9,19
07-12-2020,319,177,19,37,10,19
08-12-2020,267,156,17,41,10,18
09-12-2020,229,123,11,36,10,17
10-12-2020,186,136,5,41,9,16
11-12-2020,205,174,6,30,8,16
12-12-2020,282,107,11,25,8,11
13-12-2020,191,82,13,22,10,12
14-12-2020,162,104,2,33,8,11
15-12-2020,186,102,3,34,3,8
16-12-2020,182,109,6,31,3,7
17-12-2020,194,116,10,37,4,10
18-12-2020,192,136,12,39,5,10
19-12-2020,220,149,12,35,4,8
20-12-2020,238,163,10,37,6,16
21-12-2020,242,268,12,40,8,21
22-12-2020,344,287,14,40,10,22
23-12-2020,348,284,11,39,10,21
24-12-2020,337,154,12,35,8,16
25-12-2020,239,165,13,34,8,18
26-12-2020,248,193,9,41,7,14
27-12-2020,272,131,10,28,8,14
28-12-2020,168,136,11,31,8,13
29-12-2020,182,129,7,30,9,14
30-12-2020,202,172,8,32,8,18
31-12-2020,258,290,5,46,10,24
01-01-2021,413,250,2,43,8,16
02-01-2021,324,108,1,31,9,14
03-01-2021,186,75,3,29,7,13
01-07-2020,134,70,24,11,14,5
02-07-2020,143,72,23,12,9,7
03-07-2020,141,54,16,9,7,3
04-07-2020,107,39,18,9,10,4
05-07-2020,76,50,11,11,8,3
06-07-2020,122,21,5,9,12,3
07-07-2020,52,27,8,9,10,4
08-07-2020,75,22,23,9,12,4
09-07-2020,92,28,20,8,6,2
10-07-2020,74,23,18,6,9,3
11-07-2020,57,22,17,6,19,2
12-07-2020,54,41,13,7,9,3
13-07-2020,63,51,13,7,11,2
14-07-2020,109,44,14,7,9,4
15-07-2020,100,34,8,7,9,3
16-07-2020,85,42,7,7,18,5
17-07-2020,111,40,10,7,16,4
18-07-2020,95,28,4,6,7,9
19-07-2020,74,16,12,7, ,3
20-07-2020,50,28,7,9, ,4
21-07-2020,64,18,4,5,4,4
22-07-2020,50,29,13,5,3,5
23-07-2020,66,40,10,7,4,4
24-07-2020,92,35,10,6,3,2
25-07-2020,75,41,16,6,4,4
26-07-2020,79,39,14,5,4,4
27-07-2020,58,26,14,5,4,3
28-07-2020,36,27,11,8,4,2
29-07-2020,42,22,12,6,3,3
30-07-2020,36,48,17,9,3,4
31-07-2020,93,48,15,8,5,3
01-08-2020,72,37,12,5,5,4
02-08-2020,31,39,12,6,5,3
03-08-2020,39,37,12,6,5,3
04-08-2020,38,51,7,9,5,4
05-08-2020,79,44,7,7,5,3
06-08-2020,42,36,10,8,5,4
07-08-2020,48,52,20,7,5,4
08-08-2020,97,40,10,7,4,4
09-08-2020,71,41,7,8,4,3
10-08-2020,53,51,12,7,5,5
11-08-2020,78,35,8,6,4,4
12-08-2020,49,15,4,9,2,5
13-08-2020,36,27,4,9,1,4
14-08-2020,45,34,7,7,1,3
15-08-2020,61,23,6,7,2,3
16-08-2020,45,37,10,9,2,6
17-08-2020,69,34,8,9,1,5
18-08-2020,66,23,5,12,1,6
19-08-2020,46,25,17,13,2,6
20-08-2020,53,33,20,9,3,4
21-08-2020,59,34,5,5,2,3
22-08-2020,71,20,2,6,3,3
23-08-2020,82,35,4,6,5,3
24-08-2020,59,47,8,7,3,4
25-08-2020,62,51,9,7,4,4
26-08-2020,53,51,10,6,5,5
27-08-2020,66,115,12,11,5,7
28-08-2020,97,61,9,9,4,5
29-08-2020,98,43,5,8,3,3
30-08-2020,64,31,1,7,5,3
31-08-2020,44,40,1,9,8,3
01-09-2020,46,52,1,9,5,5
02-09-2020,66,65,1,11,5,5
03-09-2020,93,66,1,9,7,4
04-09-2020,101,49,6,11,5,5
05-09-2020,79,51,1,10,4,4
06-09-2020,86,64,1,10,3,6
07-09-2020,104,59,1,8,4,4
08-09-2020,74,72,1,8,4,4
09-09-2020,96,65,1,8,4,4
10-09-2020,111,71,2,8,3,5
11-09-2020,124,71,1,8,4,4
12-09-2020,143,72,1,7,4,4
13-09-2020,142,82,1,7,5,4
14-09-2020,159,78,2,8,5,4
15-09-2020,154,82,5,8,4,5
16-09-2020,146,65,2,7,4,4
17-09-2020,112,63,3,8,5,4
18-09-2020,108,72,2,7,5,5
19-09-2020,132,81,2,8,5,4
20-09-2020,141,86,3,8,5,6
21-09-2020,141,54,1,9,4,6
22-09-2020,96,46,1,8,5,5
23-09-2020,68,56,3,9,4,5
24-09-2020,103,72,3,11,5,5
25-09-2020,121,77,5,13,5,6
26-09-2020,117,61,3,14,5,5
27-09-2020,92,96,2,18,5,6
28-09-2020,149,101,2,18,5,5
29-09-2020,156,86,3,18,5,6
30-09-2020,146,88,2,20,5,7
02-04-2020,71,45,9,8,9,7
03-04-2020,74,53,9,8,10,7
04-04-2020,86,64,9,9,9,7
05-04-2020,111,73,9,8,10,7
06-04-2020,123,67,7,8,11,7
07-04-2020,98,61,8,8,11,7
08-04-2020,89,57,10,9,9,7
09-04-2020,90,70,11,9,11,7
10-04-2020,114,77,11,9,10,7
11-04-2020,123,65,10,8,11,7
12-04-2020,101,85,10,9,12,7
13-04-2020,127,77,10,10,10,6
14-04-2020,121,104,8,10,10,7
15-04-2020,139,114,9,10,13,6
16-04-2020,136,65,9,8,7,7
17-04-2020,86,69,9,9,12,7
18-04-2020,89,47,9,9,9,7
19-04-2020,69,69,6,11,11,7
20-04-2020,104,57,9,11,9,7
21-04-2020,81,72,10,11,7,7
22-04-2020,107,70,6,11,11,6
23-04-2020,101,77,7,10,9,7
24-04-2020,113,57,4,8,13,7
25-04-2020,69,75,3,11,14,7
26-04-2020,100,42,5,10,9,7
27-04-2020,60,49,5,10,8,7
28-04-2020,71, , , , , 
30-04-2020,120,90,6,6,10,7
01-05-2020,138,75,5,6,10,7
02-05-2020,82,57,3,6,10,7
03-05-2020,79,43,4,8,11,8
04-05-2020,76,71,6,7,12,7
05-05-2020,115,101,4,8,9,7
06-05-2020,142,50,5,9,8,7
07-05-2020,82,90,8,10,9,7
08-05-2020,112,85,7,7,10,9
09-05-2020,130,62,81,9,7,7
10-05-2020,111,67,24,11,8,8
11-05-2020,108,69,59,8,10,8
12-05-2020,110,98,76,7,11,9
13-05-2020,147,79,78,10,9,9
14-05-2020,107,64,15,9,7,7
15-05-2020,96,87,42,9,8,8
16-05-2020,134,104,55,13,11,9
17-05-2020,140,139,10,12,14,9
18-05-2020,148,143,25,16,10,10
19-05-2020,157,86,41,9,13,7
20-05-2020,124,58,16,12,18,8
21-05-2020,115,85,50,10,11,10
22-05-2020,151,74,42,11, ,10
23-05-2020,147, , , , , 
25-05-2020,122,82,3,7,13,5
26-05-2020,82,63,2,9,11,4
27-05-2020,89,79,8,11,20,4
28-05-2020,71,79,1,14,3,3
29-05-2020,46,37,5,8,9,3
30-05-2020,77,30,1,12,14,3
31-05-2020,63,49,5,10,17,4
01-06-2020,95,46,4,10,19,4
02-06-2020,97,55,5,8,23,4
03-06-2020,131,64,2,9,16,4
04-06-2020,137,50,3,10,15,4
05-06-2020,107,62,4,8,9,3
06-06-2020,88,74,1,10,20,4
07-06-2020,96,52,4,6,21,4
08-06-2020,122,63,5,7,11,4
09-06-2020,150,61,6,7,14,4
10-06-2020,153,65,7,6,11,5
11-06-2020,138,67,5,6,16,5
12-06-2020,145,59,3,6,8,4
13-06-2020,124,66,5,5,8,4
14-06-2020,145,57,6,5,13,3
15-06-2020,117,54,6,6,7,4
16-06-2020,80,50,5,5,1,4
17-06-2020,77,46,5,5,17,3
18-06-2020,96,78,5,6,8,4
19-06-2020,152,43,3,6,11,4
20-06-2020,118,46,3,6,19,3
21-06-2020,123,52,7,5,11,4
22-06-2020,115,34,2,5,7,3
23-06-2020,82,61,1,5,6,4
24-06-2020,94,44,2,5,7,4
25-06-2020,90,59,2,5,17,4
26-06-2020,125,80,2,5,3,3
27-06-2020,147,101,2,4,13,3
28-06-2020,167,77,3,4,5,3
29-06-2020,136,61,13,11,8,5
30-06-2020,130,59,19,11,7,5
01-01-2020,426,226,4,43,3,25
02-01-2020,260,178,3,26,1,15
03-01-2020,236,179,5, ,2,11
04-01-2020,264,143,1, ,1,9
05-01-2020,223,134,2,29,3,13
06-01-2020,200,132,1,28,2,16
07-01-2020,200,98,1,19,1,14
08-01-2020,183,85,4,16,1,9
09-01-2020,167,113,6,21,1,14
10-01-2020,186,132,9,23,1,13
11-01-2020,198,148,44,17,1,13
12-01-2020,226,161,1,30,2,14
13-01-2020,238,101,3,26,1,11
14-01-2020,182,106,5,23,1,9
15-01-2020,172,123,1,23,2,12
16-01-2020,195,89,2,17,1,12
17-01-2020,164,116,3,21,1,12
18-01-2020,182,110,6,16,1,9
19-01-2020,181,121,12,23,2,10
20-01-2020,187,157,9,34,1,15
21-01-2020,219,221,2,26, ,15
22-01-2020,259,80,11,12,1,10
23-01-2020,132,90,77,19, ,10
24-01-2020,150,123,13,22,1,11
25-01-2020,186,181,13,16, ,15
26-01-2020,247,167,2,38,3,9
27-01-2020,238,92,3,24,3,10
28-01-2020,170,77,6,17,3,6
29-01-2020,147,89,7,21,3,8
30-01-2020,153,84,6,20,3,10
31-01-2020,158,102,10,18,2,7
01-02-2020,170,106,11,18,3,8
02-02-2020,175,121,14,21,3,9
03-02-2020,183,160,12,32,2,16
04-02-2020,218,129,11,27,3,10
05-02-2020,185,105,15,22,3,11
06-02-2020,168,134,13,23,3,8
07-02-2020,185,123,14,21,3,9
08-02-2020,181,126,15,22,3,9
09-02-2020,189,142,17,21,3,10
10-02-2020,199,157,11,23,2,10
11-02-2020,204,160,4,25,4,6
12-02-2020,183,106,3,23,5,7
13-02-2020,152,122,8,22,6,9
14-02-2020,142,106,1,34,5,11
15-02-2020,165,119,5,31,5,10
16-02-2020,176,166,10,35,4,11
17-02-2020,206,135,19,38,6,10
18-02-2020,184,139,10,44,6,8
19-02-2020,186,131,12,37,5,10
20-02-2020,177,65,19,25,5,8
21-02-2020,119,104,2,25,5,16
22-02-2020,152,99,2,22,4,9
23-02-2020,155,89,3,23,5,10
24-02-2020,139,123,3,24,5,12
25-02-2020,165,128,11,26,5,9
26-02-2020,182,109,7,30,4,11
27-02-2020,171,97,8,26,5,8
28-02-2020,161,73,6,25,4,8
29-02-2020,140,61,9,25,5,12
01-03-2020,104,105,10,25,4,11
02-03-2020,171,87,2,30,4,14
03-03-2020,158, ,6,27,4,9
04-03-2020,153,61,6,23,4,9
05-03-2020,92,33,5,18,3,8
06-03-2020,68,51,2,23,4,10
07-03-2020,102,70,3,21,4,9
08-03-2020,133,75,2,19,4,8
09-03-2020,125,87,3,21,6,10
10-03-2020,149,72,2,23,5,9
11-03-2020,132,87,5,21,5,11
12-03-2020,122,103,7,19,5,7
13-03-2020,137,57,5,18,5,8
14-03-2020,109,70,7,19,4,8
15-03-2020,146,84,2,18, ,7
16-03-2020,153,69,13,18, ,10
18-03-2020,133,102,14,14,21,8
19-03-2020,166,103,8,21,7,7
20-03-2020,168,93,10,16,7,7
21-03-2020,156,77,8,12,7,7
22-03-2020,139,70,4,11,5,7
23-03-2020,144, , , , , 
28-03-2020,59,52,3,8,9,7
29-03-2020,87, , , , , 
01-10-2019,89,67,5,16,1, 
02-10-2019,147,76,18,24,1, 
03-10-2019,124,52,7,26,1,9
04-10-2019,97,62,14,19,1,6
05-10-2019,99,81,17,20,1,6
06-10-2019,148,83,14,18,1,7
07-10-2019,147,72,15,17, ,8
08-10-2019,135,84,19,23, ,8
09-10-2019,157,99,20,27, ,7
10-10-2019,169,102,13,30, ,14
11-10-2019,176,100,19,25,1,7
12-10-2019,168,124,18,27,1, 
13-10-2019,183,118,19,26, ,9
14-10-2019,176,124,23,32,1,13
15-10-2019,181,138,20,29, ,9
16-10-2019,189,114,8,28, ,6
17-10-2019,172,137,3,26, ,4
18-10-2019,156,97,9,28, ,9
19-10-2019,135,97,7,27, ,8
20-10-2019,159,123,8,27,1,25
21-10-2019,171,108,8,25, ,15
22-10-2019,162,135,16,27,1,9
23-10-2019,181,151,23,37,1,12
24-10-2019,210,123,14,31,1,13
25-10-2019,183,111,12,34,1,11
26-10-2019,185,135,10,27, ,8
27-10-2019,212,328,9,29, ,11
28-10-2019,384,269,4,34,1,39
29-10-2019,349,186,5,35,1,13
30-10-2019,314,295,6,38,2,15
31-10-2019,341,408,6,43, ,15
01-11-2019,433,236,5,32, ,15
02-11-2019,352,423,4,27, ,19
03-11-2019,591,267,7,22,1,15
04-11-2019,308,219,9,20,1,10
05-11-2019,278,112,4,35, ,11
06-11-2019,159,190,3,34, ,15
07-11-2019,233,124,7,30,1,14
08-11-2019,201,125,7,25, ,8
09-11-2019,190,175,10,29,2,10
10-11-2019,250,231,11,34,2,11
11-11-2019,296,363,15,40,1,13
12-11-2019,417,442,15,45,1,15
13-11-2019,433,459,4,64,1,20
14-11-2019,430,348,7,37,1,15
15-11-2019,365,170,7,26,1,9
16-11-2019,228,91,6,19, ,7
17-11-2019,156,98,8,21,1,10
18-11-2019,184,118,9,29,1,13
19-11-2019,185,158,9,41,1,17
20-11-2019,206,217,5,58,2,23
21-11-2019,281,145,12,44,2,10
22-11-2019,221,113,5,33,1,5
23-11-2019,188,93,7,27,1,8
24-11-2019,169,114,6,32,1,12
25-11-2019,175,161,3,37,2,9
26-11-2019,176,82,3,28,1,9
27-11-2019,127,41,2,21, ,7
28-11-2019,86,58,5,22,2,9
29-11-2019,118,80,5,21, ,10
30-11-2019,171,86,9,20, ,9
01-12-2019,184,111,7,24, ,36
02-12-2019,194,124,8,39, ,7
03-12-2019,189,162,6,41,1,13
04-12-2019,208,226,6,63,1,17
05-12-2019,321,178,6,36,1,9
06-12-2019,275,158,11,33, ,10
07-12-2019,274,141,2,41,1,28
08-12-2019,198,181,7,40,1,19
09-12-2019,238,203,9,37,1,15
10-12-2019,270,234,2,43,2,17
11-12-2019,290,282,6,35,1,11
12-12-2019,315,82,4,21,1,11
13-12-2019,163,77,4,21,1,9
14-12-2019,154,90,6,17,1,10
15-12-2019,168,80,4,10, ,9
16-12-2019,164,85,4,8,1,11
17-12-2019,168,123,9,19,1,5
18-12-2019,202,248,4,25,1,13
19-12-2019,308,320,3,29,2,17
20-12-2019,364,230,3,23,1,6
21-12-2019,300,119,3,19,1,11
22-12-2019,200,131,3,17,1,13
23-12-2019,218,271,3,26,1,19
24-12-2019,308,146,2,17,1,6
25-12-2019,208,173,4,18,1,14
26-12-2019,240,249,4,22,1,16
27-12-2019,281,283,2,19,1,19
28-12-2019,309,388,4,28,1,18
29-12-2019,368, , , , , 
01-07-2019,125,153,20,18,3,6
02-07-2019,170,87,11,18,3,6
03-07-2019,130,81,9,16,3,7
04-07-2019,113,91,8,18,3,7
05-07-2019,135,74,11,16,3,7
06-07-2019,66,75,13,14,3,5
07-07-2019,94,107,12,18,3,7
08-07-2019,122,95,6,16,3,8
09-07-2019,108,206,7,12,3,5
10-07-2019,143,226,8,13,3,8
11-07-2019,142,260,6,11,2,5
12-07-2019,148,186,7,10,3,5
13-07-2019,134,151,9,11,3,4
14-07-2019,132,174,5,21,3,7
15-07-2019,112,78,7,19,2,5
16-07-2019,92,68,8,17,1,7
17-07-2019,102,62,7,22,1,8
18-07-2019,94,95,15,20,1,9
19-07-2019,138,87,7,25,1,8
20-07-2019,138,73,8,20,1,7
21-07-2019,119,83,9,19,1,9
22-07-2019,150,102,16,25,1,12
23-07-2019,168,96,10,24,1,7
24-07-2019,152,58,6,18,1,7
25-07-2019,86,65,6,21,1,7
26-07-2019,107,61,11,18,1,7
27-07-2019,94,56,4,13,1,5
28-07-2019,67,58,6,14,1,5
29-07-2019,67,67,6,16,1,6
30-07-2019,82,66,6,16,1,7
31-07-2019,81,69,7,16,1,7
01-08-2019,91,73,6,14,1,7
02-08-2019,99,71,7,9,1,7
03-08-2019,105,77,4,9,1,8
04-08-2019,128,80,8,16,1,8
05-08-2019,124,59,4,21,1,8
06-08-2019,79,69,8,17,2,9
07-08-2019,88,65,10,19,2,8
08-08-2019,61,63,4,15,1,5
09-08-2019,40,55,4,13,1,5
10-08-2019,49,61,6,14,1,6
11-08-2019,79,58,6,11,1,6
12-08-2019,59,63,5,12,1,7
13-08-2019,63,68,9,14,1,7
14-08-2019,111,64,5,10,1,6
15-08-2019,91,55,4,11,1,6
16-08-2019,58,42,3,8,1,5
17-08-2019,49,45,5,8,1,6
18-08-2019,58,73,7,10,1,8
19-08-2019,108,74,8,15,1,7
20-08-2019,112,89,8,19, ,6
21-08-2019,127,84,7,20,1,9
22-08-2019,112,85,6,14,1,8
23-08-2019,130,82,3,13,1,9
24-08-2019,118,61,4,11,1,7
25-08-2019,85,58,6,15,1,7
26-08-2019,74,71,8,17,1,8
27-08-2019,99,74,7,21,1,7
28-08-2019,105,72,7,20,1,7
29-08-2019,103,69,10,19,1,7
30-08-2019,99,78,10,17, ,10
31-08-2019,131,70,8,19,1,8
01-09-2019,95,82,14,17,1,7
02-09-2019,125,90,10,15,1,7
03-09-2019,150,103,10,22,1,8
04-09-2019,163,68,5,26,2,10
05-09-2019,87,74,8,21,2,6
06-09-2019,89,65,8,19,1,6
07-09-2019,68,69,8,14,1,7
08-09-2019,69,88,12,14,1,7
09-09-2019,125,84,13,16,1,7
10-09-2019,135,105,17,22,1,8
11-09-2019,160,90,9,22,2,7
12-09-2019,137,73,8,18,2,7
13-09-2019,96,63,9,16,1,6
14-09-2019,80,67,9,14,1,7
15-09-2019,104,82,12,13,2,9
16-09-2019,132,87,12,15,1,8
17-09-2019,137,76,8,16,1,6
18-09-2019,101,60,7,12,1,6
19-09-2019,67,66,6,11,1,6
20-09-2019,88,73,10,9,2,5
21-09-2019,103,61,6,10,2,6
22-09-2019,73,73,9,11,1,6
23-09-2019,99,75,8,11,1,7
24-09-2019,96,74,9,10,2,6
25-09-2019,89,62,6,15,1,4
26-09-2019,77,61,8,19,1,4
27-09-2019,57,56,8,19,1,5
28-09-2019,70,39,8,17, ,4
29-09-2019,65,57,8,21, ,6
30-09-2019,86,61,10,23,1,6
01-04-2019,112,118,17,28,5,9
02-04-2019,138,115,16,26,4,10
03-04-2019,142,142,19,33,5,12
04-04-2019,165,147,23,32,6,12
05-04-2019,171,174,14,24,5,9
06-04-2019,148,283,13,24,5,10
07-04-2019,207,197,13,22,5,7
08-04-2019,136,121,14,26,4,10
09-04-2019,144,147,15,24,4,9
10-04-2019,154,135,14,22,5,8
11-04-2019,138,148,12,21,5,8
12-04-2019,121,103,9,19,5,6
13-04-2019,102,113,11,22,6,7
14-04-2019,111,118,10,19,6,8
15-04-2019,142,179,8,20,3,7
16-04-2019,132,60,10,16,3,6
17-04-2019,82,75,13,18,4,6
18-04-2019,100,81,13,19,4,9
19-04-2019,110,122,18,25,5,7
20-04-2019,152,123,15,26,5,10
21-04-2019,135,170,19,32,6,12
22-04-2019,167,146,16,29,5,12
23-04-2019,168,156,15,28,5,10
24-04-2019,163,203,14,16,5,8
25-04-2019,177,167,11,19,5,8
26-04-2019,175,211,11,13,5,6
27-04-2019,163,174,12,12,5,8
28-04-2019,164,156,13,16,6,8
29-04-2019,162,160,5,31,7,10
30-04-2019,173,215,17,32,5,9
01-05-2019,188,217,11,26,4,7
02-05-2019,184,122,14,24,5,7
03-05-2019,155,134,14,29,6,7
04-05-2019,159,161,16,26,6,9
05-05-2019,159,197,16,30,6,9
06-05-2019,181,292,9,24,4,9
07-05-2019,157,330,10,32,7,12
08-05-2019,189,347,10,30,7,9
09-05-2019,187,313,12,20,7,6
10-05-2019,169,174,14,19,5,7
11-05-2019,167,440,17,16,4,8
12-05-2019,202,257,12,28,7,10
13-05-2019,191,86,15,20,4,7
14-05-2019,132,132,10,33,4,10
15-05-2019,154,170,13,28,4,8
16-05-2019,152,315,12,29,4,8
17-05-2019,155,93,9,22,3,8
18-05-2019,133,138,18,17,4,7
19-05-2019,155,109,8,31,4,10
20-05-2019,125,117,13,24,6,9
21-05-2019,146,113,14,21,4,7
22-05-2019,144,131,10,24,6,9
23-05-2019,154,85,11,14,5,7
24-05-2019,112,83,14,15,6,7
25-05-2019,100,96,16,23,4,6
26-05-2019,143,103,17,30,5,7
27-05-2019,153,106,16,29,5,7
28-05-2019,149,110,19,32,5,8
29-05-2019,150,148,18,34,5,10
30-05-2019,160,183,21,30,4,8
31-05-2019,207,151,26,37,5,11
01-06-2019,194,134,20,23,4,8
02-06-2019,175,184,15,21,4,7
03-06-2019,176,106,18,25,4,7
04-06-2019,142,118,18,24,4,8
05-06-2019,165,135,20,24,4,8
06-06-2019,170,102,25,20,4,8
07-06-2019,145,110,23,27,3,9
08-06-2019,162,146,23,33,5,10
09-06-2019,169,122,20,29,4,9
10-06-2019,160,428,11,24,4,8
11-06-2019,179,156,13,22,4,5
12-06-2019,162,125,13,18,4,6
13-06-2019,161,119,15,18,4,13
14-06-2019,132,157,16,27,5,8
15-06-2019,183,110,11,11,4,6
16-06-2019,146,99,11,14,4,7
17-06-2019,149,69,9,21,3,7
18-06-2019,93,144,20,23,4,5
19-06-2019,163,94,24,20,3,6
20-06-2019,102,111,19,28,4,7
21-06-2019,154,115,22,34,4,6
22-06-2019,148,89,16,18,3,6
23-06-2019,103,77,9,18,4,8
24-06-2019,71,93,24,16,4,8
25-06-2019,118,105,21,22,4,7
26-06-2019,143,142,20,21,3,7
27-06-2019,133,134,15,19,4,7
28-06-2019,121,165,14,16,4,6
29-06-2019,119,170,11,18,3,6
30-06-2019,132,142,12,17,4,7
01-01-2019,311,248,6,74,2,11
02-01-2019,349,309,6,45,3,19
03-01-2019,396,163,3,58,3,10
04-01-2019,284,189,122,44,3,12
05-01-2019,292,116,8,51,2,6
06-01-2019,224,125,13,40,2,7
07-01-2019,230,107,7,40,2,5
08-01-2019,207,99,10,42,2,5
09-01-2019,192,118,7,41,2,8
10-01-2019,214,183,4,47,3,14
11-01-2019,284,194,5,42,2,12
12-01-2019,296,187,6,49,2,10
13-01-2019,297,92,8,32,3,3
14-01-2019,162,111,8,29,3,7
15-01-2019,191,171,6,49,3,14
16-01-2019,285,297,3,37,3,22
17-01-2019,388,191,2,35,3,18
18-01-2019,300,204,4,32,3,17
19-01-2019,300,232,46,51,3,23
20-01-2019,318,127,2,33,3,6
21-01-2019,211,64,3,28,2,7
22-01-2019,142,119,3,23,3,14
23-01-2019,205,112,12,24,3,11
24-01-2019,188,84,10,25,3,8
25-01-2019,151,92,6,25,3,7
26-01-2019,161,105,7,24,3,8
27-01-2019,181,100,23,26,3,8
28-01-2019,170,109,26,28,3,10
29-01-2019,183,148,21,30,3,22
30-01-2019,239,154,1,36,2,8
31-01-2019,244,131,2,31,2,8
01-02-2019,221,140,2,22,2,10
02-02-2019,238,118,1,22,3,9
03-02-2019,197,119,6,25,3,9
04-02-2019,188,245,13,34,6,18
05-02-2019,289,167,5,26,3,9
06-02-2019,245,93,4,14,2,6
07-02-2019,155,122,12,10,3,4
08-02-2019,152,106,6,17,3,9
09-02-2019,149,136,6,19,4,9
10-02-2019,190,170,6,24,4,12
11-02-2019,225,209,6,31,4,15
12-02-2019,264,163,12,31,3,11
13-02-2019,226,145,2,27,3,10
14-02-2019,216,145,3,22,3,8
15-02-2019,211,119,3,15,3,8
16-02-2019,182,110,7,15,3,7
17-02-2019,170,131,3,27,4,10
18-02-2019,183,139,6,21,3,12
19-02-2019,191,147,11,21,4,9
20-02-2019,175,107,3,19,3,9
21-02-2019,138,103,4,13,3,7
22-02-2019,148,85,7,14,3,7
23-02-2019,122,102,10,21,4,7
24-02-2019,168,105,6,30,4,8
25-02-2019,132,93,6,30,4,9
26-02-2019,135,77,5, ,3,7
27-02-2019,124,135,1,28,5,14
28-02-2019,182,110,7,20,4,8
01-03-2019,159,112,2,29,4,9
02-03-2019,168,79,3,20,3,8
03-03-2019,135,117,30,14,3,9
04-03-2019,176,93,112,15,3,6
05-03-2019,153,85,7,15,3,9
06-03-2019,122,121,141,18,3,9
07-03-2019,168,113, ,21,4,8
08-03-2019,159,104,5,19,4,7
09-03-2019,141,99,11,18,4,7
10-03-2019,139,129,10,26,4,8
11-03-2019,146,95,12,18,3,6
12-03-2019,113,140,9,30,6,8
13-03-2019,154,142,10,25,4,10
14-03-2019,181,102,12,15,4,7
15-03-2019,139,97,7,18,3,6
16-03-2019,141,117,8,21,4,8
17-03-2019,151,120,9,21,4,7
18-03-2019,157,132,10,21,4,11
19-03-2019,155,134,9, ,4,9
20-03-2019,144,134,11, ,5,8
21-03-2019,175,92,12,40,5,5
22-03-2019,88,95,12,14,4,6
23-03-2019,111,99,11,17,4,6
24-03-2019,115,101,10,19,4,6
25-03-2019,126,107,13,21,4,7
26-03-2019,134,111,13,23,4,7
27-03-2019,126,142,16,29,4,11
28-03-2019,155,132,14,29,3,11
29-03-2019,157,135,14,26,4,10
30-03-2019,159,121,12,18,4,5
31-03-2019,118,114,14,19,5,7
01-10-2018,118, , , , , 
03-10-2018,126,93,22,18,2,6
04-10-2018,163,109,22,18,2,6
05-10-2018,173,83,15,13,2,4
06-10-2018,144,88,19,16,2,4
07-10-2018,156,107,24,21,3,7
08-10-2018,176,109,20,23,3,7
09-10-2018,168,105,14,22,2,6
10-10-2018,169,107,12,19,2,3
11-10-2018,135,81,18,19,3,5
12-10-2018,140,121,19,20,3,6
13-10-2018,206,94,20,17,3,5
14-10-2018,164,115,20,22,3,8
15-10-2018,180,134,22,26,3,14
16-10-2018,204,118,17,21,3,11
17-10-2018,177,131,16,25,4,17
18-10-2018,199,122,12,24,3,7
19-10-2018,192,129,19,26,4,7
20-10-2018,207,112,17,24,4,7
21-10-2018,190,108,19,21,3,5
22-10-2018,175,122,20,27,3,10
23-10-2018,176,146,18,36,3,13
24-10-2018,209,178,35,38,4,15
25-10-2018,225,163,64,31,4,13
26-10-2018,236,171,15,34,3,15
27-10-2018,231,167,21,25,3,15
28-10-2018,258,206,24,26,2,15
29-10-2018,281,231,61,31,2,19
30-10-2018,306,158,36,29,3,25
31-10-2018,239,184,10,33,3,23
01-11-2018,259,171,11,34,3,20
02-11-2018,250,152,11,28,2,16
03-11-2018,212,94,18,20,2,14
04-11-2018,158,357,12,23,2,22
05-11-2018,410,203,16,22,1,21
06-11-2018,239,133,18,21,2,21
07-11-2018,205,164,21,33,2,30
08-11-2018,386,271,14,35,2,32
09-11-2018,357,183,9,41,2,28
10-11-2018,310,207,18,36,2,31
11-11-2018,305,211,16,36,2,32
12-11-2018,307,221,13,34,2,29
13-11-2018,309,111,4,30,1,25
14-11-2018,201,89,7,25,1,18
15-11-2018,167,109,8,26,1,20
16-11-2018,202,108,9,20,2,21
17-11-2018,193,120,8,32,2,24
18-11-2018,202,148,7,37,1,25
19-11-2018,237,162,9,27,1,22
20-11-2018,267,171,8,21,2,12
21-11-2018,268,109,7,40,2,13
22-11-2018,177,156,7,29,2,17
23-11-2018,249,110,7,25,2,10
24-11-2018,174,113,7,24,2,14
25-11-2018,184,166,6,33,2,15
26-11-2018,260,131,5,35,3,16
27-11-2018,207,136,5,27,2,25
28-11-2018,223,151,6,29,2,13
29-11-2018,241,156,6,25,1,12
30-11-2018,252,121,6,23,1,12
01-12-2018,201,117,4,21,2,21
02-12-2018,206,124,6,26,2,15
03-12-2018,204,147,6,27,2,28
04-12-2018,240,147,6,30,2,21
05-12-2018,243,168,7,34,2,21
06-12-2018,194,142,7,22,2,14
07-12-2018,229,137,7,30,3,18
08-12-2018,233,148,6, ,2,19
09-12-2018,248,222,8,43,2,21
10-12-2018,338,189,30,38,1,19
11-12-2018,308,164,21,20,2,14
12-12-2018,273,81,6,16,2,11
13-12-2018,159,89,9,21,1,10
14-12-2018,172,106,14,22,1,9
15-12-2018,192,129,25,14,1,24
16-12-2018,210,125,91,14,2,15
17-12-2018,223,141,6,15,2,15
18-12-2018,246,137,7,18,2,13
19-12-2018,237,172,8,32,2,18
20-12-2018,287,171,17,72,1,18
21-12-2018,295,251,11,84,1,16
22-12-2018,353,313,26,100,2,27
23-12-2018,409,259,14,75,2,17
24-12-2018,364,182,12,81,1,12
25-12-2018,305,166,16,77,2,11
26-12-2018,278,186,14,78,3,16
27-12-2018,300,163,12,84,2,10
28-12-2018,292,191,14,68,1,14
29-12-2018,298,280,97,68,2,17
30-12-2018,361, , , , , 
01-07-2018,120,181,3,10, ,3
02-07-2018,107,210,10,17,8,5
03-07-2018,126,92,7,15,3,4
04-07-2018,116,69,10,15,4,5
05-07-2018,124,77,8,13,4,4
06-07-2018,125,80,12,14,5,4
07-07-2018,139,81,15,16,4,5
08-07-2018,143,95,11,18,4,5
09-07-2018,158,67,10,14,3,4
10-07-2018,124,61,13,16,3,4
11-07-2018,114,71,14,17,5,4
12-07-2018,119,54,6,13,4,4
13-07-2018,93,69,5,14,5,4
14-07-2018,106,65,4,14,5,4
15-07-2018,94,67,3,21,5,5
16-07-2018,98,67,5,33,5,5
17-07-2018,94,77,12,31,4,4
18-07-2018,104,72,7,28,6,4
19-07-2018,100,65,5,33,6,5
20-07-2018,100,71,4,27,7,5
21-07-2018,123,49,4,15,8,7
22-07-2018,68,60,5,14,6,5
23-07-2018,82,73,5,13,5,6
24-07-2018,108,68,4,14,5,6
25-07-2018,89,59,3,12,5,5
26-07-2018,85,49,3,13,5,5
27-07-2018,63,65,4,11,5,5
28-07-2018,93,87,5,10,5,5
29-07-2018,111,87,6,10,5,5
30-07-2018,104,112,4,16,6,5
31-07-2018,147,112,6,11, ,4
01-08-2018,164,144,5,10, ,4
02-08-2018,192,139,4,11, ,4
03-08-2018,183,136,5,12,5,4
04-08-2018,154,136,3,11,4,4
05-08-2018,151,96,5,14,5,6
06-08-2018,143,87,10,15,5,5
07-08-2018,127,67,4,15,4,5
08-08-2018,90,72,13,14,5,4
09-08-2018,94,77,16,13,5,5
10-08-2018,123,64,7,8,5,2
11-08-2018,80,63,4,10,5,3
12-08-2018,75,80,24,13,5,4
13-08-2018,110,78,89,12,6,4
14-08-2018,118,86,5,11,5,4
15-08-2018,125,75,8,13,5,9
16-08-2018,112,73,27,11,5,5
17-08-2018,104,66,84,14,5,4
18-08-2018,94,70,116, , ,2
19-08-2018,119,77,104,11,5,11
20-08-2018,139,59,3,16,6,6
21-08-2018,79,63,2,13,5,6
22-08-2018,84,61,3,10,5,1
23-08-2018,76,73,3,10,5,4
24-08-2018,58,62,4,9,4,1
25-08-2018,50,66,5,9,5,2
26-08-2018,64,56,7,12,5,4
27-08-2018,66,61,30,13,5,5
28-08-2018,77,58,33,13,4,5
29-08-2018,69,70,7,11,5,9
30-08-2018,100,94,5,11,5,9
31-08-2018,112,71,4,15,4,6
01-09-2018,100,62,3, , ,6
02-09-2018,134,63,69, , , 
04-09-2018,116,66,14,9,6,8
05-09-2018,98,83,3,8,6,2
06-09-2018,103,65,3,18,6,4
07-09-2018,83,64,18,13,5,1
08-09-2018,81,55,15,12,5,1
09-09-2018,59,66,29,13,5,1
10-09-2018,88,59,6,9,5,1
11-09-2018,71,71,4,8,5,1
12-09-2018,73,72,3,8,5,1
13-09-2018,66,71,3,9,6,2
14-09-2018,85,63,5,8,4,9
15-09-2018,91,61,7,10,2,6
16-09-2018,95,77,57,10,2,6
17-09-2018,127,82,22,13,2,8
18-09-2018,131,79,12,13,2,6
19-09-2018,136,85,33,15,2,9
20-09-2018,156,58,131,14,2,6
21-09-2018,94,28,19,12,2,6
22-09-2018,60,40,57,13,3,11
23-09-2018,83,26,33,12,2,5
24-09-2018,60,26,48,11,3,11
25-09-2018,67,50,9,11,3,13
26-09-2018,92,73,11,8,3,15
27-09-2018,146,73,14,8,2,7
28-09-2018,135,84,17,10,2,5
29-09-2018,151,65,15,7,2,5
30-09-2018,126,76,19,14,2,9
01-04-2018,140,131,21,32,10,10
02-04-2018,161,138,22,35,11,9
03-04-2018,165,146,28,32,10,7
04-04-2018,163,281,25,33,21,12
05-04-2018,243,139,20,27,13,8
06-04-2018,160,82,17,26,7,7
07-04-2018,99,85,18,21,7,7
08-04-2018,118,71,11,23,7,8
09-04-2018,109,144,23,27,11,6
10-04-2018,153,89,14,20,7,2
11-04-2018,117,68,11,24,6,10
12-04-2018,102,100,19,26,9,10
13-04-2018,140,113,22,31,14,10
14-04-2018,163,121,26,31,13,11
15-04-2018,171,181,19,39,19,12
16-04-2018,184,153,13,29,10,7
17-04-2018,149,186,18,22,9,3
18-04-2018,148,175,25,27,11,5
19-04-2018,175,197,12,26,10,4
20-04-2018,176,362,23,18,7,4
21-04-2018,194,148,24,23,13,4
22-04-2018,151,152,29,18,4,7
23-04-2018,148,138,33,28,11,10
24-04-2018,179,141,28,31,14,11
25-04-2018,178,266,45,42,15,17
26-04-2018,186,187,23,34,12,10
27-04-2018,173,225,23,24,10,7
28-04-2018,164,152,34,27,10,7
29-04-2018,167,115,29,28,10,7
30-04-2018,165,108,20,20,6,5
01-05-2018,167,118,26,15,6,5
02-05-2018,147, , , , , 
04-05-2018,131,110,33,27,8,8
05-05-2018,154,186,19,30,13,12
06-05-2018,168,180,35,27,11,10
07-05-2018,177,138,22,14,6,3
08-05-2018,136,97,26,28,7,5
09-05-2018,136,107,40,28,10,7
10-05-2018,172,147,39,38,13,12
11-05-2018,195,167,30,46,15,14
12-05-2018,202,124,22,17,12,5
13-05-2018,147,66,7,22,7,4
14-05-2018,99,123,16,34,5,2
15-05-2018,149,126,25,24,4,5
16-05-2018,144,165,33,26,5,6
17-05-2018,173,133,21,26,2,9
18-05-2018,168,145,26,31,6,13
19-05-2018,167,165,26,24,3,9
20-05-2018,197,169,22,25,3,7
21-05-2018,163,107,29,31,5,11
22-05-2018,170,128,33,38,11,16
23-05-2018,197,135,5,37,12,14
24-05-2018,205, , , , , 
26-05-2018,166,132,26,26,3,9
27-05-2018,171,136,29,31,5,12
28-05-2018,185,167,28,32,10,14
29-05-2018,181,153,18,19,3,8
30-05-2018,151,114,15,29,4,10
31-05-2018,146,110, ,17,4,8
01-06-2018,156,93, ,19,7, 
02-06-2018,126,83,28,17,5,8
03-06-2018,132,95,24,15,5,8
04-06-2018,141,77,20,16,4,8
05-06-2018,121,85,18,17,3,10
06-06-2018,141,86,33,21,5,10
07-06-2018,152,99,17,18,4,10
08-06-2018,152,101,13,16,3,9
09-06-2018,121,81,26,19,4,9
10-06-2018,139,107,24,17,3,8
11-06-2018,146,396,14,16,3,7
12-06-2018,193,730,4,12,3,6
13-06-2018,219,565,8,12,4,4
14-06-2018,195,481,9,10,4,2
15-06-2018,193,323,8,14,5,4
16-06-2018,179,150,9,13,5,4
17-06-2018,164,85,11,14,5,4
18-06-2018,127,83,18,14,4,4
19-06-2018,132,106,21,19,7,5
20-06-2018,149,140,21,19,6,6
21-06-2018,150,117,29,26,8,10
22-06-2018,154,109,23,23,9,7
23-06-2018,145,93,19,18,9,6
24-06-2018,130,140,14,17,6,5
25-06-2018,141,83,9,18,6,5
26-06-2018,123,67,7,18,6,6
27-06-2018,123,34,4,15,5,4
28-06-2018,74,48,6,24,5,6
29-06-2018,464,79,7,22,6,8
30-06-2018,109,216,3,12, ,5
01-01-2018,396,391,7,36,2,27
02-01-2018,373,252,15,28,4,20
03-01-2018,300,299,9,39,8,28
04-01-2018,325,259,5,37,7,35
05-01-2018,316,261,19,30,10,27
06-01-2018,313,200,20,26,8,19
07-01-2018,273,165,16,29,5,11
08-01-2018,218,245,19,31,11,10
09-01-2018,298,190,22,32,8,13
10-01-2018,258,157,26,29,5,17
11-01-2018,221,180,39,34,7,13
12-01-2018,235,255,53,34,14,49
13-01-2018,304,210,43,32,11,21
14-01-2018,275,200,25,30,9,12
15-01-2018,248,142,26,30,5,21
16-01-2018,197,198,17,37,8,17
17-01-2018,227,280,26,40,9,22
18-01-2018,310,287,29,33,12,15
19-01-2018,326,189,19,27,5,16
20-01-2018,269,166,24,37,4, 
21-01-2018,188,258,22,45,11,9
22-01-2018,285,157,9,36,6,10
23-01-2018,227,131,43,20,7,12
24-01-2018,211,118,13,13,2,8
25-01-2018,190,144,11,17,4,4
26-01-2018,150,180,19,20,3,13
27-01-2018,152,158,13,20,5,8
28-01-2018,202,174,14,19,9,8
29-01-2018,231,148,16,21,7,24
30-01-2018,204,143,15,19,5,42
31-01-2018,207,178,17,29,13,7
01-02-2018,231,165,19,33,8,4
02-02-2018,207,143,36,22,5,4
03-02-2018,182,130,40,16,2,6
04-02-2018,188,175,21,25,3,6
05-02-2018,212,155,16,23,3,6
06-02-2018,194,137,23,19,5,6
07-02-2018,190,174,19,30,13,13
08-02-2018,225,180,42,33,14,20
09-02-2018,248,190,41,44,14,23
10-02-2018,234,138,18,35,11,10
11-02-2018,183,68,9,21,3,6
12-02-2018,172,68,16,24,6,7
13-02-2018,172,70,16,14,3,7
14-02-2018,146,62,16,16,4,9
15-02-2018,161, ,19,20,7,11
16-02-2018,194, ,18,21,8,11
17-02-2018,201,105,20,22,7,12
18-02-2018,194,184,25,30,13,19
19-02-2018,221,176,31,37,12,19
20-02-2018,222,194,47,46,17,22
21-02-2018,218,186,25,29,13,10
22-02-2018,214,225,22,39,11,14
23-02-2018,210,202,19,33,10,13
24-02-2018,214,138,18,19,8,6
25-02-2018,172,136,17,12,2,3
26-02-2018,138,105,19,18,2,11
27-02-2018,152,169,24,30,8,12
28-02-2018,199,133,21,29,7,12
01-03-2018,168,161,22,23,7,14
02-03-2018,192,107,19,21,7,8
03-03-2018,165,102,17,19,6,7
04-03-2018,143,87,21,18,4,7
05-03-2018,136,99,20,16,5,7
06-03-2018,143,97,22,18,8,8
07-03-2018,150,140,34,40,16,12
08-03-2018,181,168,25,32,19,1
09-03-2018,207,101,20,19,12,1
10-03-2018,139,101,23,18,10, 
11-03-2018,146,114,19,22,10, 
12-03-2018,156,110,10,26,12, 
13-03-2018,150,161,15,31,12, 
14-03-2018,151,158,16,24,9,3
15-03-2018,145,138,32,21,13,8
16-03-2018,159,117,37,19,10,6
17-03-2018,163,81,19,18,6, 
18-03-2018,115,93,24,25,10,4
19-03-2018,139,123,28,32,12,13
20-03-2018,160,176,18,29,15,10
21-03-2018,193,113,19,20,8,8
22-03-2018,151,85,18,16,6,7
23-03-2018,130,101,19,17,6,7
24-03-2018,136,124,20,16,7,8
25-03-2018,156,107,20,18,6,5
26-03-2018,144,129,21,29,9,2
27-03-2018,155,138,22,34,14,2
28-03-2018,154,117,21,18,8,6
29-03-2018,149,122,21,23,8,9
30-03-2018,150,157,19,30,9,10
31-03-2018,158,107,21,25,7,10
01-10-2017,149,87,15,15,4,15
02-10-2017,135,97,23,17,4,13
03-10-2017,157,104,24,19,3,15
04-10-2017,163,108,19,19,3,12
05-10-2017,162,100,18,20,4,11
06-10-2017,155,104,23,21,4,11
07-10-2017,165,120,25,18,4,18
08-10-2017,186,116,12,22,4,20
09-10-2017,179,127,11,22,4,4
10-10-2017,195,118,11,20,4,7
11-10-2017,183,132,13,22,4,21
12-10-2017,199,129,13,21,3,19
13-10-2017,192,123,15,26,13,28
14-10-2017,190,144,11,23,5,26
15-10-2017,201,158,10,26,6,29
16-10-2017,195,143,12,23,4,18
17-10-2017,195,152,10,25,5,16
18-10-2017,207,159,15,19,7,11
19-10-2017,232,488,12,25,12,29
20-10-2017,356,240,19,23,10,22
21-10-2017,311,150,22,29,11,13
22-10-2017,215,147,23,26,12,12
23-10-2017,203,178,17,27,10,16
24-10-2017,227,198,8,29,7,31
25-10-2017,255,162,7,37,5,26
26-10-2017,217,153,6,31,8,28
27-10-2017,222,160,10,32,11,31
28-10-2017,236,197,46,28,8,30
29-10-2017,241,180,18,24,8,8
30-10-2017,232,181,5,25,8,8
31-10-2017,251,168,3,25,8,21
01-11-2017,243,149,13,23,7,24
02-11-2017,203,183,34,22,7,30
03-11-2017,236,149,53,18,7,24
04-11-2017,227,182,55,25,8,37
05-11-2017,255,183,12,24,8,27
06-11-2017,242,571,48,28,8,35
07-11-2017,570,446,12,36,10,41
08-11-2017,566,535,14,35,7,28
09-11-2017,561,391,51,40,8,42
10-11-2017,475,375,12,39,10,37
11-11-2017,408,518,15,35,9,35
12-11-2017,515,408,11,37,8,32
13-11-2017,438,282,10,36,7,23
14-11-2017,346,185,15,35,7,8
15-11-2017,261,185,15,34,9,13
16-11-2017,258,141,9,28,6,10
17-11-2017,210,131,12,30,9,10
18-11-2017,201,117,15,24,7,9
19-11-2017,190,147,11,26,6,11
20-11-2017,233,154,11,29,9,11
21-11-2017,234,163,11,31,8,1
22-11-2017,239,169,12,33,8,1
23-11-2017,238,186,10,38,3, 
24-11-2017,245,165,16,36,3,19
25-11-2017,235,210,13,43,6,17
26-11-2017,276,184,23,38,6,11
27-11-2017,254,143,9,38,6,15
28-11-2017,208,200,16,54,6,25
29-11-2017,236,189,30,43,7,21
30-11-2017,284,224,14,38,6,16
01-12-2017,259,180,54,49,7,34
02-12-2017,248,228,16,54,7,34
03-12-2017,284,295,33,50,7,32
04-12-2017,317,200,7,44,6,6
05-12-2017,268,182,10,35,7,9
06-12-2017,217,122,41,27,6,7
07-12-2017,169,129,16,33,7,20
08-12-2017,180,172,32,39,12,31
09-12-2017,219,252,10,51,21,36
10-12-2017,288,257,12,57,25,48
11-12-2017,299,98,8,30,13,25
12-12-2017,185,124,11,26,9,14
13-12-2017,201,129,10,24,8,2
14-12-2017,195,139,9,24,8,8
15-12-2017,197,130,8,24,7,19
16-12-2017,192,118,12,29,8,3
17-12-2017,175,142,15,30,9,14
18-12-2017,194,172,8,35,11,10
19-12-2017,231,314,11,39,15,21
20-12-2017,359,331,7,38,14,21
21-12-2017,351,154,11,33,11,15
22-12-2017,228,118,16,31,11,22
23-12-2017,177,172,9,38,16,32
24-12-2017,238,272,12,30,19,24
25-12-2017,320,237,12,34,18,20
26-12-2017,294,200,11,34,19,27
27-12-2017,267,260,19,37,19,45
28-12-2017,302,249,41,39,9,33
29-12-2017,294,301,20,39,9,27
30-12-2017,337,240,17,31,6, 
31-12-2017,297,362,56,39,4,17
01-07-2017,122,57,18,16,6,13
02-07-2017,82,71,19,14,5,12
03-07-2017,130,102,12,11,4,12
04-07-2017,112,141,11,10,4,8
05-07-2017,123,90,20,20,6,11
06-07-2017,122,80,22,19,6,13
07-07-2017,115,88,20,13,4,10
08-07-2017,112,100,16,14,4,8
09-07-2017,124,94,12,12,4,4
10-07-2017,109,81,13,18,6,7
11-07-2017,104,60,9,16,5,7
12-07-2017,76,64,10,17,9,8
13-07-2017,82,68,13,17,6,9
14-07-2017,89,67,11,18,6,10
15-07-2017,105,69,15,17,5,12
16-07-2017,126,72,5,20,7,16
17-07-2017,118,63,16,18,6,11
18-07-2017,113,79,21,16,5,13
19-07-2017,130,59,7,22,5,17
20-07-2017,88,57,12,15,5,6
21-07-2017,88,52,9,14,3,6
22-07-2017,122,64,8,14,2,6
23-07-2017,102,66,6,14,2,5
24-07-2017,62,64,6,14,4,7
25-07-2017,70,88,5,13,5,2
26-07-2017,76,80,8,12,5, 
27-07-2017,51,78,7,16,9,3
28-07-2017,92,72,9,13,6,3
29-07-2017,97,62,10,12,6,4
30-07-2017,46,65,5,13,5,4
31-07-2017,75,66,7,9,5,2
01-08-2017,59,81,9,8,5,2
02-08-2017,81, , , , , 
06-08-2017,151,71,12,16,6,7
07-08-2017,133,57,15,16,6,10
08-08-2017,122,71,4,14,3,20
09-08-2017,126,94,11,13,2,6
10-08-2017,118,80,8,8,2,7
11-08-2017,75,77,8,9,3,8
12-08-2017,57,85,9,9,2,7
13-08-2017,63,86,21,9,2,7
14-08-2017,76, , , , , 
16-08-2017,93,62,11,13,3,7
17-08-2017,97,72,14,14,3,6
18-08-2017,110,47,4,18,4,13
19-08-2017,104,39,8,14,3,9
20-08-2017,75,41,7,15,4,8
21-08-2017,77,54,6,16,3,10
22-08-2017,121,51,6,18,3,13
23-08-2017,106,43,3,10,2,6
24-08-2017,96,60,11,20,3,3
25-08-2017,128,54,8,14,2,9
26-08-2017,116,49,13,12,3,12
27-08-2017,99,42,6,14,4,9
28-08-2017,71,40,4,12,5,11
29-08-2017,71,40,7,14,5,12
30-08-2017,78,38,4,14,3,4
31-08-2017,78,28,5,10,2,5
01-09-2017,58,32,5,8,2, 
02-09-2017,58,40,10,7,2, 
03-09-2017,71,53,9,8,2,3
04-09-2017,94,49,11,9,2,7
05-09-2017,76,31,2,12,2,10
06-09-2017,69, , , , , 
09-09-2017,149,74,19,11,3,12
10-09-2017,142,73,19,11,3,9
11-09-2017,135,61,15,11,2,8
12-09-2017,121,70,19,12,3,13
13-09-2017,147,90,23,13,3,12
14-09-2017,165,80,20,12,3,8
15-09-2017,144,83,14,17,4,13
16-09-2017,152,68,16,13,3,9
17-09-2017,133,73,20,13,3,7
18-09-2017,139,86,28,21,4,13
19-09-2017,153,88,35,21,3,17
20-09-2017,165,67,8,18,3,10
21-09-2017,127,29,3,14,3,9
22-09-2017,61,34,2,12,3,9
23-09-2017,55,59,9,12,3,10
24-09-2017,112,79,14,13,2,13
25-09-2017,139,88,13,12,3,17
26-09-2017,150,100,25,17,4,20
27-09-2017,165,98,22,16,3,19
28-09-2017,161,101,25,16,4,20
29-09-2017,164,97,24,15,3,13
30-09-2017,154,95,19,16,3,14
01-04-2017,180,107,27,23,9,9
02-04-2017,150,103,30,29,10,12
03-04-2017,136,126,18,25,9,12
04-04-2017,131,80,19,23,5,7
05-04-2017,104,155,23,21,5,9
06-04-2017,122,505,28,25,7,11
07-04-2017,201,189,31,28,10,16
08-04-2017,176,102,26,21,8,7
09-04-2017,102,128,28,17,5,9
10-04-2017,120,127,30,21,6,11
11-04-2017,133,142,32,26,9,14
12-04-2017,152,139,38,34,14,22
13-04-2017,186,161,55,54,17,31
14-04-2017,196,173,40,48,12,23
15-04-2017,184,153,71,43,15,19
16-04-2017,198,155,48,44,9,23
17-04-2017,182,194,46,42,10,21
18-04-2017,180,153,27,28,11,15
19-04-2017,163,125,35,34,9,15
20-04-2017,146,224,40,37,9,14
21-04-2017,169,219,29,23,9,13
22-04-2017,170,110,27,20,7,9
23-04-2017,161,141,25,21,6,8
24-04-2017,144,167,31,27,10,9
25-04-2017,164,120,31,21,5,7
26-04-2017,144,180,31,28,7,8
27-04-2017,149,150,29,27,7,12
28-04-2017,154,190,36,33,6,21
29-04-2017,181,125,30,27,10,10
30-04-2017,153,115,27,22,9,9
01-05-2017,151,138,42,49,9,19
02-05-2017,184,200,19,50,11,18
03-05-2017,192,198,33,25,7,12
04-05-2017,176,320,42,33,13,18
05-05-2017,252,161,52,38,12,16
06-05-2017,207,126,11, , , 
07-05-2017,206,165,58,63,11,23
08-05-2017,185,222,27,30,9,6
09-05-2017,166,116,31,22,7,8
10-05-2017,147,112,44,31,9,14
11-05-2017,155,368,46,36,11,15
12-05-2017,236,149,40,38,12,17
13-05-2017,225,154,36,31,9,11
14-05-2017,206,130,22,28,8,12
15-05-2017,152,234,38,25,10,10
16-05-2017,180,112,32,15,6,9
17-05-2017,145,112,30,26,10,11
18-05-2017,160,117,26,39,9,8
19-05-2017,147,156,30,45,4,10
20-05-2017,144,262,29,27,7,14
21-05-2017,176,183,6,29,6,15
22-05-2017,163,132,32,30,7,13
23-05-2017,157,115,31,33,9,12
24-05-2017,162,110,56,34,9,15
25-05-2017,146,134,37,34,11,12
26-05-2017,161,137,27,23,7,7
27-05-2017,134,65,20,20,5,8
28-05-2017,102,64,17,24,9,9
29-05-2017,123,70,31,27,7,10
30-05-2017,140,72,14,24,7,16
31-05-2017,133,97,35,26,7,15
01-06-2017,170,126,38,26,6,14
02-06-2017,178,126,29,28,6,15
03-06-2017,161,161,21,23,7,9
04-06-2017,191,122,12,18,4,7
05-06-2017,126,127,12,16,4,14
06-06-2017,151,76,12,17,7,9
07-06-2017,101,68,19,20,9,9
08-06-2017,104,102,36,25,10,15
09-06-2017,160,115,30,25,9,12
10-06-2017,153,82,31,19,6,10
11-06-2017,123,81,27,25,7,11
12-06-2017,138,97,17,25,6,11
13-06-2017,161,135,25,22,7,8
14-06-2017,180,223,27,18,8,9
15-06-2017,238,110,26,27,8,12
16-06-2017,154,73,18,20,7,10
17-06-2017,144,183,17,15,5,10
18-06-2017,200,158,18,21,7,12
19-06-2017,181,56,18,18,5,13
20-06-2017,97,81,15,21,6,16
21-06-2017,146,85,21,14,5,10
22-06-2017,132,83,25,17,6,10
23-06-2017,122,93,40,20,7,14
24-06-2017,133,107,30,23,7,11
25-06-2017,159,88,30,18,8,11
26-06-2017,140,82,20,19,7,11
27-06-2017,112,64,12,20,6,13
28-06-2017,91,56,9,19,6,11
29-06-2017,80,60,5,21,6,15
30-06-2017,83,69,26,19,7,23
02-01-2017,261,186,7,28,5,47
03-01-2017,259,199,15,26,5,36
04-01-2017,258,153,35,30,5,38
05-01-2017,212,151,15,30,4,18
06-01-2017,226,126,1,19,2,8
07-01-2017,201,122,16,25,5,13
08-01-2017,197,131,19,29,6,13
09-01-2017,201,110,12,23,4,7
10-01-2017,178,128,9, ,5,36
11-01-2017,198,204,33,27,8,27
12-01-2017,270,216,25,31,9,30
13-01-2017,275,247,22,36,8,32
14-01-2017,302,158,26,38,8,26
15-01-2017,238,147,14,24,5,16
16-01-2017,222,108,19,22,3,13
17-01-2017,184,140,22,29,6,17
18-01-2017,205,125,20,27,5,13
19-01-2017,191,120,24,25,4,15
20-01-2017,177,180,18,33,7,19
21-01-2017,230,149,18,28,8,22
22-01-2017,229,143,24,32,7,20
23-01-2017,205,210,29,36,9,31
24-01-2017,240,255,16,38,7,29
25-01-2017,272,121,9,27,5,13
26-01-2017,204,56,13,19,1,6
27-01-2017,132,94,14,21,3,9
28-01-2017,171,108,22,20,3,15
29-01-2017,180,142,25,25,4,26
30-01-2017,219,129,26,29,6,24
31-01-2017,207,108,19,22,3,19
01-02-2017,179,165,23,30,5,24
02-02-2017,237,151,36,29,5,29
03-02-2017,218,147,16,33,4,16
04-02-2017,224,118,15,26,3,17
05-02-2017,197,159,20,23,4,20
06-02-2017,222,85,22,22,4,10
07-02-2017,152,118,27,25,4,17
08-02-2017,174,115,25,23,5,14
09-02-2017,176,102,21,20,4,13
10-02-2017,140,109,25,25,4,14
11-02-2017,173,118,29,29,6,13
12-02-2017,185,115,28,28,6,14
13-02-2017,176,125,28,28,5,16
14-02-2017,183,139,29,29,5,16
15-02-2017,191,129,24,26,8,11
16-02-2017,183,117,19,25,6,12
17-02-2017,172,116,18,30,8,14
18-02-2017,171,122,26,32,5,22
19-02-2017,175,138,21,45,5,19
20-02-2017,170,116,19,20,3,12
21-02-2017,160,107,25,26,4,12
22-02-2017,163,137,22,19,5,9
23-02-2017,136,95,23,16,5,8
24-02-2017,130,96,23,18,5,10
25-02-2017,134,101,25,20,5,11
26-02-2017,152,103,24,24,4,18
27-02-2017,153,130,29,42,7,31
28-02-2017,174,135,16,38,9,14
01-03-2017,179,113,24,29,8,6
02-03-2017,174,94,20,26,10,9
03-03-2017,134,89,23,21,5,10
04-03-2017,144,107,23,20,7,10
05-03-2017,161,110,25,22,7,13
06-03-2017,161,119,31,38,9,18
07-03-2017,165,116,19,24,7,10
08-03-2017,142,74,14,25,5,10
09-03-2017,136,61,10,24,4,9
10-03-2017,116,54,21,21,6,9
11-03-2017,94,70,20,19,4,10
12-03-2017,129,80,24,15,4,10
13-03-2017,144,78,28,21,4,13
14-03-2017,137,107,24,26,5,12
15-03-2017,162,117,30,28,7,13
16-03-2017,180,105,21,21,6,11
17-03-2017,172,100,28,25,7,16
18-03-2017,155,107,28,27,8,16
19-03-2017,161,123,29,23,5,13
20-03-2017,175,117,29,24,4,9
21-03-2017,156,125,27,28,4,14
22-03-2017,161,175,37,29,6,18
23-03-2017,194,123,24,23,6,12
24-03-2017,157,96,25,21,3,10
25-03-2017,137,140,24,19,5,10
26-03-2017,151,107,27,17,5,8
27-03-2017,145,130,25,20,7, 
28-03-2017,140,114,24,18,3,9
29-03-2017,133,99,26,20,6,10
30-03-2017,133,385,31,25,7,12
31-03-2017,146,98,27,27,7,14
01-10-2016,165,80,16,15,5,6
02-10-2016,147,103,29,16,5,9
03-10-2016,168,134,18,24,6,8
04-10-2016,179,47,12,20,5,9
05-10-2016,129,89,21,18,4,9
06-10-2016,149,85,26,16,6,9
07-10-2016,161,101,18,16,4,9
08-10-2016,147,126,13,26,6,7
09-10-2016,169,107,24,20,5,3
10-10-2016,144,114,31,18,4,7
11-10-2016,151,112,30,21,4,9
12-10-2016,146,99,21,22,5,8
13-10-2016,120,104,26,22,5,9
14-10-2016,133,133,38,28,7,10
15-10-2016,170,117,32,28,7,9
16-10-2016,156,127,31,27,5,12
17-10-2016,171,136,36,28,6,12
18-10-2016,171,124,26,25,5,12
19-10-2016,152,118,21,25,6,11
20-10-2016,137,117,20,22,6,13
21-10-2016,127,129,18,22,5,11
22-10-2016,135,162,27,24,5,10
23-10-2016,193,160,23,24,5,10
24-10-2016,166,116,19,23,5,9
25-10-2016,128,187,28,30,6,14
26-10-2016,196,260,32,31,6,17
27-10-2016,242,247,31,30,7,16
28-10-2016,245,343,14,60,16,28
29-10-2016,271,257,24,36,9,16
30-10-2016,298,331,27,30,16,14
31-10-2016,348,481,25,29,7,18
01-11-2016,382,560,19,38,6,25
02-11-2016,482,433,27,32,5,27
03-11-2016,344,327,20,36,6,25
04-11-2016,356,741,10,37,5,23
05-11-2016,570,819,11,46,6,31
06-11-2016,616,619,21,31,5,7
07-11-2016,498,378,25,29,6,14
08-11-2016,387,284,27,35,5,17
09-11-2016,334,278,24,46,7,22
10-11-2016,316,306,20,53,8,27
11-11-2016,320,253,19,44,7,25
12-11-2016,275,155,19,38,5,18
13-11-2016,223,129,11,34,4,5
14-11-2016,185,185,23,35,6,17
15-11-2016,247,237,25,40,5,34
16-11-2016,288,189,26,37,5,21
17-11-2016,243,187,27,36,5,29
18-11-2016,245,213,28,41,5,44
19-11-2016,230,199,23,52,6,44
20-11-2016,247,226,7,49,6,52
21-11-2016,270,138,21,40,5,28
22-11-2016,176,148,24,37,5,15
23-11-2016,198,218,23,42,6,37
24-11-2016,249,184,21,27,5,15
25-11-2016,171,125,23,29,6,16
26-11-2016,162,120,21,26,5, 
27-11-2016,160,115,18,31,7,11
28-11-2016,168,220,8,55,9,50
29-11-2016,253,204,10,34,9,37
30-11-2016,294,217,10,29,4,32
01-12-2016,329,252,18,29,3, 
02-12-2016,324,170,9,31,1,3
03-12-2016,253,145,13,34,5, 
04-12-2016,195,181,25,32,5,16
05-12-2016,227,342,6,51,7,46
06-12-2016,338,344,22,36,4,45
07-12-2016,325,203,8,33,4,24
08-12-2016,277,226,24,37,5,33
09-12-2016,275,168,6,31,3,30
10-12-2016,252,152,23,27,3,32
11-12-2016,229,153,20,26,3,35
12-12-2016,223,190,15,30,5,38
13-12-2016,230,135,18,23,2,23
14-12-2016,188,135,22,24,2,25
15-12-2016,193,173,22,28,9,34
16-12-2016,221,198,21,31,5,31
17-12-2016,247,175,23,32,3,28
18-12-2016,243,234,22,33,5,22
19-12-2016,284,152,23,31,5,6
20-12-2016,205,132,21,25,3,21
21-12-2016,184,175,21,35,10,29
22-12-2016,204,346,25,45,8,52
23-12-2016,363,408,17,50,5,64
24-12-2016,405,199,5,29,2,20
25-12-2016,282,152,15,31,3,12
26-12-2016,222,197,5,29,2,22
27-12-2016,268,202,23,35,4,34
28-12-2016,258,261,8,35,5,34
29-12-2016,325,175,4,35,1,23
30-12-2016,239,148,6,31,2,28
31-12-2016,222,122,1,24,3,27
01-01-2017,204,189,2,26,8,47
01-07-2016,77,32,10,15,3, 
02-07-2016,49,62,51,19,4, 
03-07-2016,112,50,16,18,4, 
04-07-2016,87,68,18,19,3, 
05-07-2016,106,89,17,17,3, 
06-07-2016,124,55,15,15,3, 
07-07-2016,73,72,8,20,3,9
08-07-2016,81,60,11,13,4,4
09-07-2016,77,50,16,17,3,3
10-07-2016,77,59,8,16,3,1
11-07-2016,92,38,10,15,4,4
12-07-2016,54,57,7,13,3,4
13-07-2016,80,48,3,14,2,7
14-07-2016,81,46,3,11,3,3
15-07-2016,73,31,3,11,2,3
16-07-2016,40,37,3,8,3,2
17-07-2016,60,45,4,11,2,3
18-07-2016,53,73,5,9,3,3
19-07-2016,61,91,6,9,3,3
20-07-2016,77,81,6,10,2,3
21-07-2016,54,91,9,10,2,4
22-07-2016,86,66,8,12,3,3
23-07-2016,72,70,7,16,3,5
24-07-2016,108,84,7,22,3,7
25-07-2016,141,69,8,16,3,5
26-07-2016,121, , , , , 
30-08-2016,57,26,7,20,11,9
31-08-2016,47, , , , , 
05-09-2016,62,74,13,10,3,4
06-09-2016,68,86,21,10,4,5
07-09-2016,85,85,21,10,3,5
08-09-2016,87,75,16,10,4,5
09-09-2016,82,66,15,9,3,4
10-09-2016,73,59,16,9,3,4
11-09-2016,73,60,13,9,4,4
12-09-2016,65,66,18,13,5,7
13-09-2016,95,52,17,15,8,6
14-09-2016,91,84,32,14,6,7
15-09-2016,153,87,31,15,6,6
16-09-2016,131,82,24,14,5,6
17-09-2016,151,92,28,17,6,7
18-09-2016,162,92,40,17,5,8
19-09-2016,147,105,19,20,8,8
20-09-2016,165,99, , , , 
21-09-2016,146,65,17,20,9,6
22-09-2016,86,64,29,17,8,6
23-09-2016,104,69,18,18,6,6
24-09-2016,122,61,6,13,6,7
25-09-2016,127,93,19,19,8,7
26-09-2016,157,95,32,21,5,8
27-09-2016,147,100,10,19,4,9
28-09-2016,166,115,7,22,6,8
29-09-2016,171,87,9,17,4,6
30-09-2016,145,108,27,19,6,9
10-04-2016,115,184,22,15,9,1
11-04-2016,121,120,25,14,8,4
12-04-2016,103,143,26,17,9,5
13-04-2016,114,116,29,21,12,3
14-04-2016,132,180,13,56,30, 
15-04-2016,168,159,19,12,6,4
16-04-2016,164,149,19,19,5,3
17-04-2016,125,120,26,20,11,3
18-04-2016,100,239,29,29,33,7
19-04-2016,154,158,28,16,17,2
20-04-2016,148,158,27,12,9,4
21-04-2016,137,133,37,16,14,3
22-04-2016,134,103,31,17,10,4
23-04-2016,115,141,38,24,20,4
24-04-2016,145,114,40,23,18,6
25-04-2016,140,132,36,36,22,9
26-04-2016,160,187,26,52,18,15
27-04-2016,161,230,25,41,22,11
28-04-2016,147,158,31,40,22,11
29-04-2016,209,179,37,45,28,13
30-04-2016,289,163,31,55,24,11
01-05-2016,207,169,25,32,14,8
02-05-2016,179,207,20,28,16,6
03-05-2016,151,168,12,29,13,9
04-05-2016,158,91,11,24,10,7
05-05-2016,101,64,17,22,10,7
06-05-2016,77,89,25,33,9,9
07-05-2016,111,107,19,30,12,9
08-05-2016,155,99,15,22,8,7
09-05-2016,147,94,15,24,10,8
10-05-2016,136,67,15,23,9,7
11-05-2016,115,81,19,24,8,9
12-05-2016,138,104,23,23,11,8
13-05-2016,149,82,50,12,16,7
14-05-2016,125,127,69,24,15,8
15-05-2016,170,91,59,21,12,8
16-05-2016,122,95,62,19,15,6
17-05-2016,134,91,71,26,14,10
18-05-2016,144,106,27,31,9,10
19-05-2016,156,94,15,23,5,4
20-05-2016,116,133,13,18,3,8
21-05-2016,112,96,28,17,2,8
22-05-2016,96,106,16,20,3,7
23-05-2016,83,77,12,20,3,6
24-05-2016,61,186,14,24,3,8
25-05-2016,117,317,23,20,3,7
26-05-2016,117,424,33,19,3,8
27-05-2016,153,297,17,15,4,6
28-05-2016,129,204,28,12,2,6
29-05-2016,55,71,20,18,3,7
30-05-2016,84,97,52,18,3,9
31-05-2016,114,116,38,16,6,6
01-06-2016,91,121,32,21,5,7
02-06-2016,89,141,68,33,6,11
03-06-2016,136,121,59,34,6,10
04-06-2016,142,94,33,16,4,7
05-06-2016,117,130,43,18,5,6
06-06-2016,75,77,53,20,5,7
07-06-2016,95,71,46,26,6,8
08-06-2016,87,100,28,21,5,7
09-06-2016,84,122,65,23,6,8
10-06-2016,94,95,26,14,3,6
11-06-2016,67,93,33,13,3,5
12-06-2016,65,192,19,10,3,5
13-06-2016,94,80,15,10,4,5
14-06-2016,65,151,20,16,4,8
15-06-2016,120,70,31,14,4,6
16-06-2016,76,65,34,17,3,6
17-06-2016,67,80,23,14,4,7
18-06-2016,87,57,19,12,4,6
19-06-2016,64,49,23,16,4,7
20-06-2016,64,40,17,13,3,6
21-06-2016,75,56,18,13,3,6
22-06-2016,84,62,33,16,3,6
23-06-2016,83,264,30,12,3,6
24-06-2016,133,121,22,18,4,7
25-06-2016,135,70,19,14,3,7
26-06-2016,111,75,14,16,3,8
27-06-2016,119,54,28,17,4,7
28-06-2016,91,47,23,17,4,5
29-06-2016,79,57,29,16,4,7
30-06-2016,84,51,14,14,3,6
04-01-2016,342,394,27,65,15,17
05-01-2016,361,425,20,51,11,20
06-01-2016,357,473,18,50,12,26
07-01-2016,407,544,4,29,6,23
08-01-2016,454, , , , , 
10-01-2016,173,195,49,46,9,6
11-01-2016,206,203,29,46,10,17
12-01-2016,197,256,33,41,9,11
13-01-2016,292,193,22,28,6,8
14-01-2016,242,143,24,19,4,5
15-01-2016,196,115,29,18,5,5
16-01-2016,175,150,30,27,9,8
17-01-2016,196,235,39,35,7,13
18-01-2016,264,318,12,31,6,9
19-01-2016,296,284,28,27,7,9
20-01-2016,288,349,4,26,6,20
21-01-2016,321, , , , , 
24-01-2016,315,222,37,31,7,10
25-01-2016,242,359,40,36,10,14
26-01-2016,328,277,42,43,7,17
27-01-2016,279,253,19,31,10,11
28-01-2016,249,284,17,50,14,19
29-01-2016,265,316,20,50,14,19
30-01-2016,287,196,8,31,10,9
31-01-2016,218,114,20,23,9,2
01-02-2016,149,147,22,24,10,7
02-02-2016,151,162,22,23,10,5
03-02-2016,166,130,33,21,12,8
04-02-2016,154,247,38,33,13,15
05-02-2016,201,300,29,43,13,21
06-02-2016,222,148,16,31,9,8
07-02-2016,207,114,14,20,8,9
08-02-2016,155,161,31,23,8,10
09-02-2016,228,213,25,34,9,15
10-02-2016,229,182,23,35,11,12
11-02-2016,187,221,25,36,14,9
12-02-2016,185,163,20,21,13,6
13-02-2016,166,115,27,21,16,7
14-02-2016,163,148,29,23,16,6
15-02-2016,168,156,30,32,24,7
16-02-2016,170,179,22,35,25,6
17-02-2016,182,140,10,31,17,7
18-02-2016,192,232,12,34,24,12
19-02-2016,241,147,11,19,14,10
20-02-2016,199,70,6,8,7,4
21-02-2016,146,103,18,15,13,4
22-02-2016,132,103,22,19,9,5
23-02-2016,146,167,19,49,20,12
24-02-2016,196,157,17,40,14,20
25-02-2016,163,149,22,36,12,11
26-02-2016,183,152,20,39,15,9
27-02-2016,187,202,16,37,14,13
28-02-2016,207,172,15,35,10,13
29-02-2016,211,244,23,38,13,15
01-03-2016,241,150,26,37,11,10
02-03-2016,194,164,24,39,20,52
03-03-2016,194,130,23,21,11,6
04-03-2016,172,111,12,13,11,3
05-03-2016,133, , , , , 
07-03-2016,170,94,19,13,10,3
08-03-2016,151,107,21,20,9,6
09-03-2016,155,149,22,23,15,8
10-03-2016,178,120,13,29,11,9
11-03-2016,161,70,7,16,9,5
12-03-2016,107,56,12,13,11,3
13-03-2016,97,58,13,17,8,6
14-03-2016,111,85,19,16,9,7
15-03-2016,146,89,19,12,13,4
16-03-2016,144,115,7,48,12,8
17-03-2016,135,88,12,28,12,5
18-03-2016,132,118,13,24,12,6
19-03-2016,132,81,4,33,9,7
20-03-2016,132,97,17,6,6,3
21-03-2016,79,101,20,8,7,2
22-03-2016,63,72,23,8,10,3
23-03-2016,93, , , , , 
25-03-2016,165,104,10,30,11,24
26-03-2016,110,78,10,14,7,3
27-03-2016,125,79,24,14,7,4
28-03-2016,92,84,28,21,10,4
29-03-2016,124,102,25,34,8,7
30-03-2016,138,130,18,34,11,10
31-03-2016,145, , , , , 
01-10-2015,140,83,25,13,4,6
02-10-2015,158,83,6,20,4,10
03-10-2015,165,104,6,27,5,17
04-10-2015,173,127,56,32,6,14
05-10-2015,175,113,32,24,5,11
06-10-2015,166,118,34,18,4,9
07-10-2015,172,102,33,20,4,8
08-10-2015,163,97,35,24,6,8
09-10-2015,158,79,11,28,6,13
10-10-2015,117,89,25,18,5,11
11-10-2015,123,89,35,20,5,9
12-10-2015,147,105,28,23,6,9
13-10-2015,161,93,16,23,6,8
14-10-2015,151,85,37,18,5,8
15-10-2015,159,110,45,24,5,9
16-10-2015,179, , , , , 
19-10-2015,167,110,49,30,7,9
20-10-2015,196,138,27,22,6,8
21-10-2015,220, , , , , 
23-10-2015,178,138,31,36,8,16
24-10-2015,208,150,27,37,9,11
25-10-2015,220,97,40,18,7,6
26-10-2015,146, , , , , 
28-10-2015,126,93,59,32,9,8
29-10-2015,143,95,36,28,8,8
30-10-2015,165,200,4,45,6,21
31-10-2015,312,233,31,43,6,17
01-11-2015,349,139,65,40,8,16
02-11-2015,227,203,51,47,8,15
03-11-2015,318,222,62,57,15,22
04-11-2015,310,144,15,40,15,12
05-11-2015,217,157,50,27,9,11
06-11-2015,206,265,55,50,7,17
07-11-2015,386,218,40,32,14, 
08-11-2015,295,188,83,31,12,21
09-11-2015,243,254,61,31,12,19
10-11-2015,312,191,44,20,16,11
11-11-2015,288,177,81,18,17,12
12-11-2015,299,243,71,41,9,14
13-11-2015,347,225,69,44,9,13
14-11-2015,292,173,103,57,10,15
15-11-2015,245,159,49,64,11,16
16-11-2015,208,128,80,32,11,10
17-11-2015,181,181,73,31,11,15
18-11-2015,232,219,55,46,12,23
19-11-2015,266,227,56,43,12,27
20-11-2015,274,223,62,49,12,24
21-11-2015,246,224,71,44,9,18
22-11-2015,295,268,62,59,12,26
23-11-2015,309,211,21,52,11,29
24-11-2015,280,164,48,28,9,8
25-11-2015,209,183,17,50,15,14
26-11-2015,212,176,15,39,13,13
27-11-2015,245,227,12,29,7,10
28-11-2015,292,221,21,27,8,14
29-11-2015,317,254,29,39,9,17
30-11-2015,337,165,24,35,7,11
01-12-2015,237,167,36,31,7,9
02-12-2015,222,192,36,35,8,10
03-12-2015,257,175,49,29,7,14
04-12-2015,227,247,55,47,10,23
05-12-2015,254,271,35,44,10,21
06-12-2015,318,236,28,38,6,16
07-12-2015,303,260,27,49,7,25
08-12-2015,325,233,21,44,8,24
09-12-2015,289,200,26,36,7,23
10-12-2015,272,195,41,27,5,19
11-12-2015,269,188,14,24,4,20
12-12-2015,262,143,60,21,6,20
13-12-2015,199,159,46,24,6,14
14-12-2015,194,173,36,29,8,12
15-12-2015,194,184,30,38,7,15
16-12-2015,203,231,24,40,11,21
17-12-2015,268,215,35,31,7,14
18-12-2015,273,202,45,27,8,9
19-12-2015,264, , , , , 
21-12-2015,181,242,5,64,6,20
22-12-2015,310,343,24,45,12,25
23-12-2015,384,171,14,28,6,6
24-12-2015,251,141,39,26,8,9
25-12-2015,208,155,45,27,10,10
26-12-2015,213,184,27,23,10,8
27-12-2015,232,178,42,13,11,8
28-12-2015,222,161,36,13,12,9
29-12-2015,209,183,28,28,10,16
30-12-2015,252, , , , , 
03-01-2016,288,345,17,62,17,12
01-07-2015,124,88,12,17,3,4
02-07-2015,126,121,4,4,6,4
03-07-2015,120,177,3,4,5,4
04-07-2015,74, , , , , 
06-07-2015,56,55,9,16,6,5
07-07-2015,91,90,12,23,8,5
08-07-2015,146,77,30,22,7,8
09-07-2015,135,53,23,23,7,7
10-07-2015,101,40,51,19,7,6
11-07-2015,72,36,3,13,6,8
12-07-2015,76,47,5,8,6,5
13-07-2015,80,56,3,8,6,5
14-07-2015,74,99,3,8,7,3
15-07-2015,115,121,25,12,7,4
16-07-2015,129,86,18,15,7,7
17-07-2015,152,77,18,19,7,8
18-07-2015,140,72,12,16,7,7
19-07-2015,130,57,11,19,7,7
20-07-2015,96,52,7,16,7,5
21-07-2015,96,60,6,15,7,5
22-07-2015,83,54,4,11,7,3
23-07-2015,77,72,4,17,8,5
24-07-2015,101,63,7,16,6,5
25-07-2015,96,53,11,13,6,3
26-07-2015,65,41,6,15,6,4
27-07-2015,57,50,5,12,6,3
28-07-2015,55,51,5,16,6,4
29-07-2015,79,38,4,16,6,4
30-07-2015,53,56,5,13,6,4
31-07-2015,69,63,5,12,6,4
01-08-2015,73,60,8,12,6,5
02-08-2015,88,67,8,12,7,4
03-08-2015,98,75,8,16,7,5
04-08-2015,103,70,18,24,7,8
05-08-2015,126,73,14,27,7,6
06-08-2015,127,73,9,20,6,6
07-08-2015,121,95,9,32,2,10
08-08-2015,144,62,19,15,2,6
09-08-2015,109,73,5,14,1,9
10-08-2015,140,77,7,21,2,8
11-08-2015,129,63,3,15,2,5
12-08-2015,109,68,38,16,3,9
13-08-2015,129,74,7,17,2,8
14-08-2015,134,57,8,19,1,5
15-08-2015,110,57,4,17,1,6
16-08-2015,115,63,4,16,1,6
17-08-2015,127,71,4,17,2,5
18-08-2015,118,51,3,12,1,4
19-08-2015,68,69,3,9,1,3
20-08-2015,67,83,3,11,3,5
21-08-2015,85,90,3,13,2,4
22-08-2015,105,74,7,9,2,4
23-08-2015,95,64,3,15,2,4
24-08-2015,77,88,3,13,3,4
25-08-2015,101,83,3,11,4,3
26-08-2015,104,88,3,13,4,4
27-08-2015,114,104,6,22,4,5
28-08-2015,154, , , , , 
01-09-2015,144,153,5,8,5,2
02-09-2015,152,146,8,5,4,2
03-09-2015,144,99,5,11,4,3
04-09-2015,98,100,7,13,5,4
05-09-2015,130, , , , , 
07-09-2015,84,102,27,3,3,2
08-09-2015,79,111,30,10,4,3
09-09-2015,101,95,38,5,4,2
10-09-2015,93,89,53,6,4,3
11-09-2015,106, , , , , 
14-09-2015,166,111,13,14,6,3
15-09-2015,164,99,17,18,5,4
16-09-2015,163,146,16,17,4,5
17-09-2015,175,68,5,10,4,3
18-09-2015,76,78,6,14,3,3
19-09-2015,147, , , , , 
21-09-2015,132,53,7,14,5,2
22-09-2015,76,36,10,3,4,3
23-09-2015,71,69,13,8,4,5
24-09-2015,107,82,14,12,4,6
25-09-2015,119,69,9,14,4,11
26-09-2015,80, , , , , 
28-09-2015,116,73,23,9,4,5
29-09-2015,133,66,16,7,4,4
30-09-2015,99,81,27,17,5,6
10-04-2015,149,106,81,34,15,6
11-04-2015,149, , , , , 
13-04-2015,110,85,52,27,6,5
14-04-2015,134,99,80,37,14,7
15-04-2015,140,95,23,31,17,5
16-04-2015,130,76,63,18,11,3
17-04-2015,111,131,78,12,11,13
18-04-2015,148,173,3,63,18,12
19-04-2015,173,252,66,52,13,9
20-04-2015,174,216,65,31,13,6
21-04-2015,158,147,75,37,16,6
22-04-2015,155,128,98,53,14,8
23-04-2015,157,162,100,67,17,12
24-04-2015,188,194,64,47,13,7
25-04-2015,166,127,61,21,13,4
26-04-2015,126,116,58,25,5,5
27-04-2015,145,104,74,28,6,5
28-04-2015,148,95,82,32,14,5
29-04-2015,122,114,75,31,7,5
30-04-2015,142,117,84,29,10,7
01-05-2015,151,90,99,37,13,7
02-05-2015,141,149,71,52,14,9
03-05-2015,158,116,108,45,12,9
04-05-2015,154,156,137,64,23,14
05-05-2015,200,191,105,49,18,11
06-05-2015,214,160,97,31,17,7
07-05-2015,180,143,76,29,13,6
08-05-2015,154,138,64,41,16,7
09-05-2015,162,126,10,60,14,7
10-05-2015,152,112,99,35,16,3
11-05-2015,162,178,66,31,13,5
12-05-2015,168,101,14,53,11,6
13-05-2015,155,75,85,38,9,6
14-05-2015,123,105,85,41,11,6
15-05-2015,138,88,129,56,11,7
16-05-2015,149,110,105, ,16,8
17-05-2015,159,101,135, ,12, 
18-05-2015,148,116,71, ,12, 
19-05-2015,159,84,93, ,11, 
20-05-2015,142,116,86, ,11, 
21-05-2015,138,110,93,28,10, 
22-05-2015,134,121,67,26,5, 
23-05-2015,126,131,98,26,11, 
24-05-2015,160,146,43,23,4, 
25-05-2015,162,174,48,20,2, 
26-05-2015,155,125,112,27,9, 
27-05-2015,147,233,38,41,7, 
28-05-2015,210,186,66,38,8,5
29-05-2015,152,118,53,38,12,10
30-05-2015,145,271,58,18,7,5
31-05-2015,153,136,41,33,2,5
01-06-2015,128,65,87,25,2,4
02-06-2015,84,76,20,35,2,5
03-06-2015,129,104,55,28,3,5
04-06-2015,142,166,42,47,7,10
05-06-2015,187,107,52,27,4,6
06-06-2015,162,110,62,41,8,7
07-06-2015,156,114,90,45,6,8
08-06-2015,170, , , , , 
10-06-2015,128,161,15,11,4,4
11-06-2015,161,127,14,9, ,3
12-06-2015,143,91,17,29, ,8
13-06-2015,132,84,13,30,1,6
14-06-2015,139,120,34,32, ,6
15-06-2015,167,159,6,27,1,6
16-06-2015,161,120,17,22,2,5
17-06-2015,166,124,26,41,2,9
18-06-2015,169,134,13,33,3,7
19-06-2015,177,118,10,15, ,5
20-06-2015,171,76,11,14, ,4
21-06-2015,109,139,30,39, ,9
22-06-2015,162,87,59,22, ,7
23-06-2015,182, ,62,26, ,6
24-06-2015,177,53,11,15, ,8
25-06-2015,127,89,23,12, ,6
26-06-2015,117,94,5,7, ,3
27-06-2015,124,109,17,15, ,5
28-06-2015,135,78,9,13, ,4
29-06-2015,103,81,10,17, ,6
30-06-2015,139,87,25,19, ,4
01-01-2015,341,201,12,66,3,19
02-01-2015,209,87,7,34,2,11
03-01-2015,177,106,22,28, ,7
04-01-2015,206,95,20,26,1,6
05-01-2015,185,127,13,31,1,8
06-01-2015,227,153,10,29,2,10
07-01-2015,275,171,6,41,1,12
08-01-2015,290,206,13,42,5,10
09-01-2015,306,159,20,41,6,11
10-01-2015,270,193,16,36,5,13
11-01-2015,311,219,9,50,3,11
12-01-2015,329,157,14,54,10,14
13-01-2015,286,135,11,37,2,10
14-01-2015,249,143,23,56,7,14
15-01-2015,261,133,27,43,7,12
16-01-2015,244,144,29,50,6,15
17-01-2015,261,165,37,47,6,13
18-01-2015,281,191,27,53,2,15
19-01-2015,296,163,21,40,4,8
20-01-2015,275,145,9,39,4,9
21-01-2015,251,123,6,42,2,9
22-01-2015,230,78,24,33,4,6
23-01-2015,162,81,17,20,1,7
24-01-2015,171,101,30,26,1,6
25-01-2015,187,111,11,26,2,7
26-01-2015,208,104,30,21,9,6
27-01-2015,195,107,28,21,5,11
28-01-2015,201,109,38,33,6,7
29-01-2015,202,101,39,33,6,7
30-01-2015,185,100,41,40,9,9
31-01-2015,192,159,23,79,9,18
01-02-2015,273,136,28,39,2,8
02-02-2015,236,109,29,25,3,7
03-02-2015,195,86,23,22,2,6
04-02-2015,175,84,37,32,2,8
05-02-2015,167,124,42,74,7,14
06-02-2015,223,118,37,58,7,11
07-02-2015,212,115, ,51, ,8
08-02-2015,205,69,29,19,8,6
09-02-2015,121,90,41,10,4,7
10-02-2015,175,114,51,18,5,9
11-02-2015,205,127,52,17,6,8
12-02-2015,223,100,43,15,9,9
13-02-2015,180,139,42,18,17,18
14-02-2015,236,144,66,14,12,13
15-02-2015,253,135,32,17,6,9
16-02-2015,228,111,41,16,8,8
17-02-2015,197,117,37,18,16,16
18-02-2015,210,125,16,20,10,10
19-02-2015,222,102,14,21,8,7
20-02-2015,186,113,18,14,16,7
21-02-2015,202, , , , , 
23-02-2015,197,136,23,27,13,13
24-02-2015,229,120,25,22,7,7
25-02-2015,203,118,58,14,7,3
26-02-2015,150,118,37,17,5,4
27-02-2015,157,110,38,21,14,6
28-02-2015,171, , , , , 
02-03-2015,98,62,28,12,2,5
03-03-2015,128,71,32,12,1,6
04-03-2015,141,83,41,20,10,10
05-03-2015,147,101,38,13,4,13
06-03-2015,183,54,27,14,12,4
07-03-2015,112,49,20,15,7,4
08-03-2015,100,93,32,12,5,2
09-03-2015,136,120,45,20,12,6
10-03-2015,147,127,57,21,9,4
11-03-2015,173,103,56,28,16,6
12-03-2015,150,146,52,41,18,9
13-03-2015,185,93,22,31,15,5
14-03-2015,131,35,12,20,3,3
15-03-2015,50,55,23,21,7,4
16-03-2015,89,74,37,17,5,3
17-03-2015,115,75,41,15,5,3
18-03-2015,131,80,52,21,10,5
19-03-2015,118,100,56,25,9,5
20-03-2015,145,107,49,25,10,6
21-03-2015,146,92,58,16,7,4
22-03-2015,157,104,47,24,10,8
23-03-2015,157,109,87,31,9,8
24-03-2015,148,132,113,34,17,10
25-03-2015,173,138,109,29,17,7
26-03-2015,173,88,58,22,11,5
27-03-2015,107,97,23,30,9,5
28-03-2015,154, , , , , 
01-10-2014,124,79,38,36, ,5
02-10-2014,127, , , , , 
06-10-2014,170,105,44,73,1,10
07-10-2014,177,86,67,56,1,7
08-10-2014,161,72,69,61,8,6
09-10-2014,126,78,58,61,2,8
10-10-2014,145,94,100,77,5,9
11-10-2014,167, , , , , 
13-10-2014,123,48,30,28,1,5
14-10-2014,79,119,72,22,2,6
15-10-2014,121,106,73,41,3,7
16-10-2014,165,99, ,98, ,21
17-10-2014,176,110,66,61,6,10
18-10-2014,194,135,65,60,7,15
19-10-2014,218,126,112,45,3,11
20-10-2014,204,124,112,53,3,12
21-10-2014,203,146,100,72,8,18
22-10-2014,222,165,101,83,4,18
23-10-2014,258,371,47,70,7,13
24-10-2014,353, ,3,101,3,26
25-10-2014,462, , , , , 
27-10-2014,176,142,69,88,5,17
28-10-2014,229,155,58,74,6,14
29-10-2014,271,191,75,86,5,18
30-10-2014,308,187,54,83,14,15
31-10-2014,279,200,64,75,9,16
01-11-2014,288,118,82,66,8,14
02-11-2014,290,145,79,75,3,15
03-11-2014,257,150,65,73, ,13
04-11-2014,264,207,40,83,3,16
05-11-2014,340,132,84,49,3,10
06-11-2014,254,136,35,83,2,15
07-11-2014,241,141,48,85,3,15
08-11-2014,237,199,7,85,3,13
09-11-2014,342,146,27,83,3,13
10-11-2014,232,182,107,85,4,13
11-11-2014,295,224,58,84,4,17
12-11-2014,344,307,47,85,6,15
13-11-2014,417, , , , , 
16-11-2014,192,123,11,106,28,25
17-11-2014,209,149,56,103,10,19
18-11-2014,255,169,76,102,9,23
19-11-2014,284,182,60,104,11,20
20-11-2014,296,179,71,96,5,15
21-11-2014,299,174,84,91,5,19
22-11-2014,260,161,53,99,8,16
23-11-2014,254,115,42,91,2,15
24-11-2014,207,122,55,93,9,15
25-11-2014,215,131,51,90,14,12
26-11-2014,220,142,33,116,13,22
27-11-2014,235,178,30,113,8,18
28-11-2014,294,158,52,84,11,27
29-11-2014,261,149,31,72,15,18
30-11-2014,248,100,35,34,3,8
01-12-2014,159,95,39,26,7,7
02-12-2014,153,101,26,53,6,14
03-12-2014,167,100,40,51,7,18
04-12-2014,183,143,26,84,12,24
05-12-2014,244,118,33,63,7,14
06-12-2014,212,103,34,47,8,12
07-12-2014,181,106,38,57,8,15
08-12-2014,193,172,29,96,11,27
09-12-2014,284,115,28,65,9,14
10-12-2014,208,129,40,59,6,13
11-12-2014,220,153,33,87,10,21
12-12-2014,259,166,13,61,4,16
13-12-2014,270,59,7,28,1,7
14-12-2014,147,52,8,33,2,9
15-12-2014,120,99,23,41,2,12
16-12-2014,196,114,30,31,3,10
17-12-2014,215,151,27,41,3,13
18-12-2014,272,262,5,66,3,19
19-12-2014,391,136,20,36,3,12
20-12-2014,236,267,8,56,3,17
21-12-2014,321,269,9,66,4,23
22-12-2014,397,275,4,56,4,17
23-12-2014,324,358,6,68,3,26
24-12-2014,424,175,20,32,1,12
25-12-2014,298,151,25,39,7,13
26-12-2014,273,225,30,62,8,22
27-12-2014,317,427,7,87,7,29
28-12-2014,378, , , , , 
01-07-2014,153,77,14,20,3,7
02-07-2014,140,71,13,15,2,6
03-07-2014,142,95,8,12,2,4
04-07-2014,175,86,8,18,2,5
05-07-2014,156,82,10,20,3,5
06-07-2014,158,86,10,14,1,4
07-07-2014,163,91,8,17,1,3
08-07-2014,139,116,7,13,2,3
09-07-2014,157,126,8,9, ,1
10-07-2014,137,97,4,12,1,2
11-07-2014,117,83,5,14,1,4
12-07-2014,160,83,7,12,1,4
13-07-2014,176,63,6,17,1,5
15-07-2014,160,39,6,13, ,3
16-07-2014,177,39,7,13,2,3
17-07-2014,121,37,5,14,4,3
18-07-2014,102, , , , , 
01-09-2014,34,41,8,32,9,3
02-09-2014,36,44,5,33,3,4
03-09-2014,65,32,7,31,7,3
04-09-2014,52,38,8,51,4,8
05-09-2014,62,52,18,44,4,5
06-09-2014,99,66,3,38,6,14
07-09-2014,144,57,35,48,5,6
08-09-2014,95,63,9,42,5,5
09-09-2014,119,67,12,50,5,6
10-09-2014,127,66,8,57,4,8
11-09-2014,146,55,5,42,4,7
12-09-2014,127, , , , , 
14-09-2014,134,56,22,32,5,3
15-09-2014,104,80,11,40,4,6
16-09-2014,136,64,14,27,5,4
17-09-2014,115,66,17,30,5,4
18-09-2014,116,69,26,34,4,4
19-09-2014,113,72,41,32,4,4
20-09-2014,129, , , , , 
22-09-2014,103,69,21,26,11,2
23-09-2014,90,71,7,64,5,8
24-09-2014,98,61,21,45,4,5
25-09-2014,105,72,14,16,3,1
26-09-2014,107, , , , , 
29-09-2014,93,72,15,83, ,8
30-09-2014,124,74,52,44,1,4
01-04-2014,162,132,96,57,19,9
02-04-2014,190,104,67,36,15,5
03-04-2014,192,113,57,29,5,4
04-04-2014,156,102,47,36,9,5
05-04-2014,151,143,64,47,8,7
06-04-2014,194,110,36,32,9,5
07-04-2014,148,79,65,27,6,3
08-04-2014,157,94,74,35,8,5
09-04-2014,154,104,26,55,12,5
10-04-2014,171,91,68,39,7,7
11-04-2014,139,157,120,66,19,10
12-04-2014,202,130,38,60,13,7
13-04-2014,171,107,57,51,16,8
14-04-2014,158,170,41,87,14,16
15-04-2014,197,134,75,65,13,10
16-04-2014,172,147,52,70,11,9
17-04-2014,161,80,31,45,6,5
18-04-2014,116,92,62,46,11,6
19-04-2014,152, , , , , 
21-04-2014,114,132,84,43,15,5
22-04-2014,147,102,85,40,7,6
23-04-2014,141,147,90,64,13,10
24-04-2014,194,148,96,66,12,9
25-04-2014,178,149,88,58,15,7
26-04-2014,172,127,95,61,11,7
27-04-2014,156,171,75,43,14,7
28-04-2014,196,183,6,102,21,15
29-04-2014,241,113,97,44,9,10
30-04-2014,159,210,97,57,19,14
01-05-2014,223,220,93,28,11,7
02-05-2014,191,141,35,32,8,5
03-05-2014,160,143,56,40,10,6
04-05-2014,172,114,40,33,15,7
05-05-2014,154,98,18,35,9,7
06-05-2014,146,121,58,40,13,8
07-05-2014,172,183,65,43,20,13
08-05-2014,247,146,64,38,11,8
09-05-2014,171,199,90,48,26,11
10-05-2014,205,94,75,26,13,6
11-05-2014,146,168,48,32,10,7
12-05-2014,165,65,42,21,11,5
13-05-2014,135,65,39,21,8,4
14-05-2014,113,114,56,24,11,7
15-05-2014,163,125,56,26,12,7
16-05-2014,162,124,48,35,11,9
17-05-2014,172,122,41,33,11,8
18-05-2014,157,106,48,22,8,4
19-05-2014,136,109,78,30,14,6
20-05-2014,149,126,19,35,13,8
21-05-2014,168,126, ,37,13,9
22-05-2014,164,131,19,44,11,10
23-05-2014,154,82,79,28,13,5
24-05-2014,117,77,50,38,1,6
25-05-2014,110,71,28,40,17,6
26-05-2014,109,90,74,46,5,10
27-05-2014,153,109,84,60,4,13
28-05-2014,172,117,100,58,6,13
29-05-2014,183,158,19,44,6,9
30-05-2014,249,134,46,31,3,5
31-05-2014,149,77,20,19,2,4
01-06-2014,119,124,64,39,12,8
02-06-2014,172,109,70,25,7,7
03-06-2014,155,85,74,24,9,10
04-06-2014,170,80,96,23,9,9
05-06-2014,165,85,81,18,9,8
06-06-2014,159,129,63,16,7,6
07-06-2014,172,96,100,15,7,4
08-06-2014,151,97,103,18,9,8
09-06-2014,166,107,63,20,11,7
10-06-2014,160,111,38,18,12,5
11-06-2014,155,123,17,16,11,4
12-06-2014,148,74,20,11,5,3
13-06-2014,129,68,6,21,4,5
14-06-2014,147, , , , , 
16-06-2014,140,69,9,26,5,6
17-06-2014,136,79,9,14,4,5
18-06-2014,173, , , , , 
23-06-2014,152,64,10,18,1,3
24-06-2014,130, , , , , 
30-06-2014,251,94,12,21,2,6
01-01-2014,311,181,42,14,5,22
02-01-2014,262,188,48,13,7,28
03-01-2014,272,348,8,31,7,46
04-01-2014,393,333,27,19,4,39
05-01-2014,469,290,34,12,7,32
06-01-2014,374,243,43,13,8,28
07-01-2014,324,276,20,20,8,30
08-01-2014,310,310,22,21,7,39
09-01-2014,430,249,24,22,4,34
10-01-2014,422,158,28,9,7,22
11-01-2014,246,211,37,12,4,24
12-01-2014,271,225,46,15,8,26
13-01-2014,302,224,38,15,10,28
14-01-2014,337,375,5,17,4,31
15-01-2014,398,392,17,18,5,33
16-01-2014,428,221,4,12,5,26
17-01-2014,327, , , , , 
20-01-2014,204,110,5,33,10,21
21-01-2014,235,89,3,53,8,19
22-01-2014,128,105,6,39,9,18
23-01-2014,130,112,11,31,7,17
24-01-2014,132,116,17,29,6,16
25-01-2014,135, , , , , 
27-01-2014,238,156,30,30,11,20
28-01-2014,202,243,7,48,12,25
29-01-2014,264,245,11,55,12,27
30-01-2014,310,211,11,47,21,25
31-01-2014,296,288,14,55,27,24
01-02-2014,338,217,35,46,15,27
02-02-2014,261,177,31,49,13,26
03-02-2014,202,221,28,59,14,29
04-02-2014,225,147,18,26,13,16
05-02-2014,190,179,15,44,12,21
06-02-2014,196,106,19,20,11,15
07-02-2014,151,100,13,16,6,16
08-02-2014,166,93,50,19,11,16
09-02-2014,146,109,46,26,10,20
10-02-2014,161,150,58,36,14,22
11-02-2014,197,128,44,23,7,20
12-02-2014,182,158,31,35,17,21
13-02-2014,201,82,9,23,9,17
14-02-2014,154, , , , , 
17-02-2014,234,129,53,34,12,21
18-02-2014,180,212,22,86,10,32
19-02-2014,268,209,35,61,11,27
20-02-2014,244,168,27,59,9,29
21-02-2014,356,127,14,27,3,18
22-02-2014,185,133,25,22,2,17
23-02-2014,189,109,46,26,2,19
24-02-2014,167,138,56,37,4,20
25-02-2014,184,183,29,48,9,23
26-02-2014,218,86,17,25,4,6
27-02-2014,129,61,11,24,3,4
28-02-2014,120,89,25,29,4,6
01-03-2014,160,87,32,24,2,6
02-03-2014,154,98,51,26,4,6
03-03-2014,142,115,35,32,5,8
04-03-2014,155,106,36,29,5,5
05-03-2014,138,91,36,25,5,4
06-03-2014,161,107,51,20,4,5
07-03-2014,151,103,42,20,5,5
08-03-2014,148,119,62,23,4,7
09-03-2014,174,60,14,28,6,4
10-03-2014,107,64,16,19,5,3
11-03-2014,97,69,22,24,9,3
12-03-2014,107,83,44,17,5,3
13-03-2014,122,113,63,24,5,7
14-03-2014,148,143,79,30,6,9
15-03-2014,173,139,56,25,5,7
16-03-2014,169,134,36,19,5,7
17-03-2014,183,89,28,14,5,3
18-03-2014,112,81,44,16,5,3
19-03-2014,116,92,48,22,5,5
20-03-2014,138,138,45,42,8,9
21-03-2014,168,127,40,33,6,10
22-03-2014,172,333,22,54,14,14
23-03-2014,344,94,15,23,6,6
24-03-2014,108,127,42,34,10,10
25-03-2014,165,124,42,27,11,6
26-03-2014,168,101,31,28,8,6
27-03-2014,151,104,12,31,5,10
28-03-2014,160,91,21,18,4,5
29-03-2014,149,79,42,16,7,3
30-03-2014,115,94,55,16,6,4
31-03-2014,128,114,71,34,8,8
,,,,,,
,,,,,,
,,,,,,
,,,,,,
,,,,,,
,,,,,,
,,,,,,
,,,,,,
,,,,,,
,,,,,,
,,,,,,
,,,,,,
,,,,,,
,,,,,,
,,,,,,
,,,,,,
,,,,,,
,,,,,,
,,,,,,
,,,,,,
,,,,,,
,,,,,,
,,,,,,
,,,,,,
,,,,,,
,,,,,,
,,,,,,
,,,,,,
,,,,,,
,,,,,,
,,,,,,
,,,,,,
,,,,,,
,,,,,,
,,,,,,
,,,,,,
,,,,,,
,,,,,,
,,,,,,
,,,,,,
,,,,,,
,,,,,,
,,,,,,
,,,,,,
,,,,,,
,,,,,,
,,,,,,
,,,,,,
,,,,,,
,,,,,,
,,,,,,
,,,,,,
,,,,,,
,,,,,,
,,,,,,
,,,,,,
,,,,,,
,,,,,,
,,,,,,
,,,,,,
,,,,,,
,,,,,,
,,,,,,
,,,,,,
,,,,,,
,,,,,,
,,,,,,
,,,,,,
,,,,,,
,,,,,,
,,,,,,
,,,,,,
,,,,,,
,,,,,,
,,,,,,
,,,,,,
,,,,,,
,,,,,,
,,,,,,
,,,,,,
,,,,,,
,,,,,,
,,,,,,
,,,,,,
,,,,,,
,,,,,,
,,,,,,
,,,,,,
,,,,,,
